TckrSymb,SctySrs,TradDt
20MICRONS, EQ,2026-03-31
21STCENMGM, EQ,2026-03-31
360ONE, EQ,2026-03-31
3IINFOLTD, EQ,2026-03-31
3MINDIA, EQ,2026-03-31
3PLAND, EQ,2026-03-31
5PAISA, EQ,2026-03-31
63MOONS, EQ,2026-03-31
AAATECH, EQ,2026-03-31
AADHARHFC, EQ,2026-03-31
AAREYDRUGS, EQ,2026-03-31
AARNAV, EQ,2026-03-31
AARON, EQ,2026-03-31
AARTECH, EQ,2026-03-31
AARTIDRUGS, EQ,2026-03-31
AARTIIND, EQ,2026-03-31
AARTIPHARM, EQ,2026-03-31
AARTISURF, EQ,2026-03-31
AARVI, EQ,2026-03-31
AAVAS, EQ,2026-03-31
ABB, EQ,2026-03-31
ABBOTINDIA, EQ,2026-03-31
ABCAPITAL, EQ,2026-03-31
ABCOTS, EQ,2026-03-31
ABDL, EQ,2026-03-31
ABFRL, EQ,2026-03-31
ABGSEC, EQ,2026-03-31
ABINFRA, EQ,2026-03-31
ABLBL, EQ,2026-03-31
ABREL, EQ,2026-03-31
ABSL10BANK, EQ,2026-03-31
ABSLAMC, EQ,2026-03-31
ABSLBANETF, EQ,2026-03-31
ABSLLIQUID, EQ,2026-03-31
ABSLMSCIN, EQ,2026-03-31
ABSLNN50ET, EQ,2026-03-31
ABSLPSE, EQ,2026-03-31
ACC, EQ,2026-03-31
ACCELYA, EQ,2026-03-31
ACCURACY, EQ,2026-03-31
ACE, EQ,2026-03-31
ACEINTEG, EQ,2026-03-31
ACI, EQ,2026-03-31
ACL, EQ,2026-03-31
ACMESOLAR, EQ,2026-03-31
ACUTAAS, EQ,2026-03-31
ADANIENSOL, EQ,2026-03-31
ADANIENT, EQ,2026-03-31
ADANIGREEN, EQ,2026-03-31
ADANIPORTS, EQ,2026-03-31
ADANIPOWER, EQ,2026-03-31
ADFFOODS, EQ,2026-03-31
ADL, EQ,2026-03-31
ADOR, EQ,2026-03-31
ADROITINFO, EQ,2026-03-31
ADSL, EQ,2026-03-31
ADVAIT, EQ,2026-03-31
ADVANCE, EQ,2026-03-31
ADVANIHOTR, EQ,2026-03-31
ADVENTHTL, EQ,2026-03-31
ADVENZYMES, EQ,2026-03-31
AEGISLOG, EQ,2026-03-31
AEGISVOPAK, EQ,2026-03-31
AEPL, EQ,2026-03-31
AEQUS, EQ,2026-03-31
AEROENTER, EQ,2026-03-31
AEROFLEX, EQ,2026-03-31
AERONEU, EQ,2026-03-31
AETHER, EQ,2026-03-31
AFCONS, EQ,2026-03-31
AFFLE, EQ,2026-03-31
AFFORDABLE, EQ,2026-03-31
AFSL, EQ,2026-03-31
AGARIND, EQ,2026-03-31
AGARWALEYE, EQ,2026-03-31
AGI, EQ,2026-03-31
AGIIL, EQ,2026-03-31
AGRITECH, EQ,2026-03-31
AGROPHOS, EQ,2026-03-31
AHCL, EQ,2026-03-31
AHLADA, EQ,2026-03-31
AHLEAST, EQ,2026-03-31
AHLUCONT, EQ,2026-03-31
AIAENG, EQ,2026-03-31
AIIL, EQ,2026-03-31
AIRAN, EQ,2026-03-31
AIROLAM, EQ,2026-03-31
AJANTPHARM, EQ,2026-03-31
AJAXENGG, EQ,2026-03-31
AJMERA, EQ,2026-03-31
AJOONI, EQ,2026-03-31
AKASH, EQ,2026-03-31
AKG, EQ,2026-03-31
AKI, EQ,2026-03-31
AKSHAR, EQ,2026-03-31
AKSHARCHEM, EQ,2026-03-31
AKSHOPTFBR, EQ,2026-03-31
AKUMS, EQ,2026-03-31
AKZOINDIA, EQ,2026-03-31
ALANKIT, EQ,2026-03-31
ALBERTDAVD, EQ,2026-03-31
ALEMBICLTD, EQ,2026-03-31
ALGOQUANT, EQ,2026-03-31
ALICON, EQ,2026-03-31
ALIVUS, EQ,2026-03-31
ALKALI, EQ,2026-03-31
ALKEM, EQ,2026-03-31
ALKYLAMINE, EQ,2026-03-31
ALLCARGO, EQ,2026-03-31
ALLDIGI, EQ,2026-03-31
ALLTIME, EQ,2026-03-31
ALMONDZ, EQ,2026-03-31
ALOKINDS, EQ,2026-03-31
ALPA, EQ,2026-03-31
ALPHA, EQ,2026-03-31
ALPHAETF, EQ,2026-03-31
ALPHAGEO, EQ,2026-03-31
ALPL30IETF, EQ,2026-03-31
AMAGI, EQ,2026-03-31
AMANTA, EQ,2026-03-31
AMBER, EQ,2026-03-31
AMBICAAGAR, EQ,2026-03-31
AMBIKCO, EQ,2026-03-31
AMBUJACEM, EQ,2026-03-31
AMDIND, EQ,2026-03-31
AMJLAND, EQ,2026-03-31
AMNPLST, EQ,2026-03-31
AMRUTANJAN, EQ,2026-03-31
ANANDRATHI, EQ,2026-03-31
ANANTRAJ, EQ,2026-03-31
ANDHRAPAP, EQ,2026-03-31
ANDHRSUGAR, EQ,2026-03-31
ANGELONE, EQ,2026-03-31
ANIKINDS, EQ,2026-03-31
ANMOL, EQ,2026-03-31
ANTELOPUS, EQ,2026-03-31
ANTGRAPHIC, EQ,2026-03-31
ANTHEM, EQ,2026-03-31
ANUHPHR, EQ,2026-03-31
ANUP, EQ,2026-03-31
ANURAS, EQ,2026-03-31
AONEGOLD, EQ,2026-03-31
AONELIQUID, EQ,2026-03-31
AONENIFTY, EQ,2026-03-31
AONESILVER, EQ,2026-03-31
AONETMMQ50, EQ,2026-03-31
AONETOTAL, EQ,2026-03-31
APARINDS, EQ,2026-03-31
APCL, EQ,2026-03-31
APCOTEXIND, EQ,2026-03-31
APEX, EQ,2026-03-31
APLAPOLLO, EQ,2026-03-31
APLLTD, EQ,2026-03-31
APOLLO, EQ,2026-03-31
APOLLOHOSP, EQ,2026-03-31
APOLLOPIPE, EQ,2026-03-31
APOLLOTYRE, EQ,2026-03-31
APOLSINHOT, EQ,2026-03-31
APTECHT, EQ,2026-03-31
APTUS, EQ,2026-03-31
AQYLON, EQ,2026-03-31
ARCHIDPLY, EQ,2026-03-31
ARCHIES, EQ,2026-03-31
ARE&M, EQ,2026-03-31
ARENTERP, EQ,2026-03-31
ARFIN, EQ,2026-03-31
ARIES, EQ,2026-03-31
ARIHANTCAP, EQ,2026-03-31
ARIHANTSUP, EQ,2026-03-31
ARIS, EQ,2026-03-31
ARKADE, EQ,2026-03-31
ARMANFIN, EQ,2026-03-31
AROGRANITE, EQ,2026-03-31
ARROWGREEN, EQ,2026-03-31
ARSSBL, EQ,2026-03-31
ARTEMISMED, EQ,2026-03-31
ARTNIRMAN, EQ,2026-03-31
ARVEE, EQ,2026-03-31
ARVIND, EQ,2026-03-31
ARVINDFASN, EQ,2026-03-31
ARVSMART, EQ,2026-03-31
ASAHIINDIA, EQ,2026-03-31
ASAHISONG, EQ,2026-03-31
ASAL, EQ,2026-03-31
ASALCBR, EQ,2026-03-31
ASHAPURMIN, EQ,2026-03-31
ASHIANA, EQ,2026-03-31
ASHIMASYN, EQ,2026-03-31
ASHOKA, EQ,2026-03-31
ASHOKAMET, EQ,2026-03-31
ASHOKLEY, EQ,2026-03-31
ASIANENE, EQ,2026-03-31
ASIANHOTNR, EQ,2026-03-31
ASIANPAINT, EQ,2026-03-31
ASIANTILES, EQ,2026-03-31
ASKAUTOLTD, EQ,2026-03-31
ASMS, EQ,2026-03-31
ASPINWALL, EQ,2026-03-31
ASTEC, EQ,2026-03-31
ASTERDM, EQ,2026-03-31
ASTRAL, EQ,2026-03-31
ASTRAMICRO, EQ,2026-03-31
ASTRAZEN, EQ,2026-03-31
ASTRON, EQ,2026-03-31
ATALREAL, EQ,2026-03-31
ATAM, EQ,2026-03-31
ATGL, EQ,2026-03-31
ATHERENERG, EQ,2026-03-31
ATL, EQ,2026-03-31
ATLANTAA, EQ,2026-03-31
ATLANTAELE, EQ,2026-03-31
ATLASCYCLE, EQ,2026-03-31
ATUL, EQ,2026-03-31
ATULAUTO, EQ,2026-03-31
AUBANK, EQ,2026-03-31
AURIGROW, EQ,2026-03-31
AURIONPRO, EQ,2026-03-31
AUROPHARMA, EQ,2026-03-31
AURUM, EQ,2026-03-31
AUTOAXLES, EQ,2026-03-31
AUTOBEES, EQ,2026-03-31
AUTOIETF, EQ,2026-03-31
AUTOIND, EQ,2026-03-31
AVADHSUGAR, EQ,2026-03-31
AVALON, EQ,2026-03-31
AVANTEL, EQ,2026-03-31
AVANTIFEED, EQ,2026-03-31
AVG, EQ,2026-03-31
AVL, EQ,2026-03-31
AVONMORE, EQ,2026-03-31
AVROIND, EQ,2026-03-31
AVTNPL, EQ,2026-03-31
AWFIS, EQ,2026-03-31
AWHCL, EQ,2026-03-31
AWL, EQ,2026-03-31
AXISBANK, EQ,2026-03-31
AXISBNKETF, EQ,2026-03-31
AXISBPSETF, EQ,2026-03-31
AXISCADES, EQ,2026-03-31
AXISCETF, EQ,2026-03-31
AXISGOLD, EQ,2026-03-31
AXISHCETF, EQ,2026-03-31
AXISILVER, EQ,2026-03-31
AXISNIFTY, EQ,2026-03-31
AXISTECETF, EQ,2026-03-31
AXISVALUE, EQ,2026-03-31
AXSENSEX, EQ,2026-03-31
AYE, EQ,2026-03-31
AYMSYNTEX, EQ,2026-03-31
AZAD, EQ,2026-03-31
BAFNAPH, EQ,2026-03-31
BAGFILMS, EQ,2026-03-31
BAIDFIN, EQ,2026-03-31
BAJAJ-AUTO, EQ,2026-03-31
BAJAJCON, EQ,2026-03-31
BAJAJELEC, EQ,2026-03-31
BAJAJFINSV, EQ,2026-03-31
BAJAJHCARE, EQ,2026-03-31
BAJAJHFL, EQ,2026-03-31
BAJAJHIND, EQ,2026-03-31
BAJAJHLDNG, EQ,2026-03-31
BAJAJINDEF, EQ,2026-03-31
BAJEL, EQ,2026-03-31
BAJFINANCE, EQ,2026-03-31
BALAJEE, EQ,2026-03-31
BALAJITELE, EQ,2026-03-31
BALAMINES, EQ,2026-03-31
BALAXI, EQ,2026-03-31
BALKRISHNA, EQ,2026-03-31
BALKRISIND, EQ,2026-03-31
BALMLAWRIE, EQ,2026-03-31
BALPHARMA, EQ,2026-03-31
BALRAMCHIN, EQ,2026-03-31
BALUFORGE, EQ,2026-03-31
BANARBEADS, EQ,2026-03-31
BANARISUG, EQ,2026-03-31
BANCOINDIA, EQ,2026-03-31
BANDHANBNK, EQ,2026-03-31
BANG, EQ,2026-03-31
BANK10ADD, EQ,2026-03-31
BANKA, EQ,2026-03-31
BANKADD, EQ,2026-03-31
BANKBARODA, EQ,2026-03-31
BANKBEES, EQ,2026-03-31
BANKBETA, EQ,2026-03-31
BANKBETF, EQ,2026-03-31
BANKETF, EQ,2026-03-31
BANKIETF, EQ,2026-03-31
BANKINDIA, EQ,2026-03-31
BANKNIFTY1, EQ,2026-03-31
BANKPSU, EQ,2026-03-31
BANSALWIRE, EQ,2026-03-31
BANSWRAS, EQ,2026-03-31
BASF, EQ,2026-03-31
BASML, EQ,2026-03-31
BATAINDIA, EQ,2026-03-31
BAYERCROP, EQ,2026-03-31
BBETF0432, EQ,2026-03-31
BBL, EQ,2026-03-31
BBNPNBETF, EQ,2026-03-31
BBNPPGOLD, EQ,2026-03-31
BBOX, EQ,2026-03-31
BBTC, EQ,2026-03-31
BBTCL, EQ,2026-03-31
BCLIND, EQ,2026-03-31
BCONCEPTS, EQ,2026-03-31
BCPL, EQ,2026-03-31
BDL, EQ,2026-03-31
BEARDSELL, EQ,2026-03-31
BECTORFOOD, EQ,2026-03-31
BEL, EQ,2026-03-31
BELLACASA, EQ,2026-03-31
BELRISE, EQ,2026-03-31
BEML, EQ,2026-03-31
BEPL, EQ,2026-03-31
BERGEPAINT, EQ,2026-03-31
BETA, EQ,2026-03-31
BFINVEST, EQ,2026-03-31
BFSI, EQ,2026-03-31
BHAGCHEM, EQ,2026-03-31
BHAGERIA, EQ,2026-03-31
BHAGYANGR, EQ,2026-03-31
BHANDARI, EQ,2026-03-31
BHARATCOAL, EQ,2026-03-31
BHARATFORG, EQ,2026-03-31
BHARATGEAR, EQ,2026-03-31
BHARATRAS, EQ,2026-03-31
BHARATSE, EQ,2026-03-31
BHARATWIRE, EQ,2026-03-31
BHARTIARTL, EQ,2026-03-31
BHARTIHEXA, EQ,2026-03-31
BHEL, EQ,2026-03-31
BIGBLOC, EQ,2026-03-31
BIKAJI, EQ,2026-03-31
BIL, EQ,2026-03-31
BIOCON, EQ,2026-03-31
BIOFILCHEM, EQ,2026-03-31
BIRLACABLE, EQ,2026-03-31
BIRLACORPN, EQ,2026-03-31
BIRLAMONEY, EQ,2026-03-31
BIRLANU, EQ,2026-03-31
BLACKBUCK, EQ,2026-03-31
BLAL, EQ,2026-03-31
BLISSGVS, EQ,2026-03-31
BLKASHYAP, EQ,2026-03-31
BLS, EQ,2026-03-31
BLSE, EQ,2026-03-31
BLUECOAST, EQ,2026-03-31
BLUEDART, EQ,2026-03-31
BLUEJET, EQ,2026-03-31
BLUESTARCO, EQ,2026-03-31
BLUESTONE, EQ,2026-03-31
BLUSPRING, EQ,2026-03-31
BMWVENTLTD, EQ,2026-03-31
BODALCHEM, EQ,2026-03-31
BOMDYEING, EQ,2026-03-31
BOROLTD, EQ,2026-03-31
BORORENEW, EQ,2026-03-31
BOROSCI, EQ,2026-03-31
BOSCH-HCIL, EQ,2026-03-31
BOSCHLTD, EQ,2026-03-31
BPCL, EQ,2026-03-31
BPL, EQ,2026-03-31
BRIGADE, EQ,2026-03-31
BRIGHOTEL, EQ,2026-03-31
BRITANNIA, EQ,2026-03-31
BRNL, EQ,2026-03-31
BROOKS, EQ,2026-03-31
BSE, EQ,2026-03-31
BSE500IETF, EQ,2026-03-31
BSHSL, EQ,2026-03-31
BSL, EQ,2026-03-31
BSLGOLDETF, EQ,2026-03-31
BSLNIFTY, EQ,2026-03-31
BSLSENETFG, EQ,2026-03-31
BSOFT, EQ,2026-03-31
BTML, EQ,2026-03-31
BUILDPRO, EQ,2026-03-31
BUTTERFLY, EQ,2026-03-31
BVCL, EQ,2026-03-31
BYKE, EQ,2026-03-31
CALSOFT, EQ,2026-03-31
CAMLINFINE, EQ,2026-03-31
CAMPUS, EQ,2026-03-31
CAMS, EQ,2026-03-31
CANBK, EQ,2026-03-31
CANFINHOME, EQ,2026-03-31
CANHLIFE, EQ,2026-03-31
CANTABIL, EQ,2026-03-31
CAPACITE, EQ,2026-03-31
CAPILLARY, EQ,2026-03-31
CAPITALSFB, EQ,2026-03-31
CAPLIPOINT, EQ,2026-03-31
CARBORUNIV, EQ,2026-03-31
CARERATING, EQ,2026-03-31
CARRARO, EQ,2026-03-31
CARTRADE, EQ,2026-03-31
CARYSIL, EQ,2026-03-31
CASHIETF, EQ,2026-03-31
CASTROLIND, EQ,2026-03-31
CCAVENUE, EQ,2026-03-31
CCCL, EQ,2026-03-31
CCHHL, EQ,2026-03-31
CCL, EQ,2026-03-31
CDSL, EQ,2026-03-31
CEATLTD, EQ,2026-03-31
CEIGALL, EQ,2026-03-31
CEINSYS, EQ,2026-03-31
CELEBRITY, EQ,2026-03-31
CELLO, EQ,2026-03-31
CEMPRO, EQ,2026-03-31
CENTENKA, EQ,2026-03-31
CENTEXT, EQ,2026-03-31
CENTRALBK, EQ,2026-03-31
CENTRUM, EQ,2026-03-31
CENTUM, EQ,2026-03-31
CENTURYPLY, EQ,2026-03-31
CERA, EQ,2026-03-31
CESC, EQ,2026-03-31
CEWATER, EQ,2026-03-31
CGCL, EQ,2026-03-31
CGPOWER, EQ,2026-03-31
CHALET, EQ,2026-03-31
CHAMBLFERT, EQ,2026-03-31
CHEMBOND, EQ,2026-03-31
CHEMBONDCH, EQ,2026-03-31
CHEMCON, EQ,2026-03-31
CHEMFAB, EQ,2026-03-31
CHEMICAL, EQ,2026-03-31
CHEMPLASTS, EQ,2026-03-31
CHENNPETRO, EQ,2026-03-31
CHEVIOT, EQ,2026-03-31
CHOICEGOLD, EQ,2026-03-31
CHOICEIN, EQ,2026-03-31
CHOLAFIN, EQ,2026-03-31
CHOLAHLDNG, EQ,2026-03-31
CIEINDIA, EQ,2026-03-31
CIFL, EQ,2026-03-31
CIGNITITEC, EQ,2026-03-31
CINELINE, EQ,2026-03-31
CINEVISTA, EQ,2026-03-31
CIPLA, EQ,2026-03-31
CLEAN, EQ,2026-03-31
CLEANMAX, EQ,2026-03-31
CLSEL, EQ,2026-03-31
CMPDI, EQ,2026-03-31
CMSINFO, EQ,2026-03-31
CNL, EQ,2026-03-31
COALINDIA, EQ,2026-03-31
COASTCORP, EQ,2026-03-31
COCHINSHIP, EQ,2026-03-31
COFFEEDAY, EQ,2026-03-31
COFORGE, EQ,2026-03-31
COHANCE, EQ,2026-03-31
COLPAL, EQ,2026-03-31
COMMOIETF, EQ,2026-03-31
COMPUSOFT, EQ,2026-03-31
COMSYN, EQ,2026-03-31
CONCOR, EQ,2026-03-31
CONCORDBIO, EQ,2026-03-31
CONFIPET, EQ,2026-03-31
CONS, EQ,2026-03-31
CONSUMBEES, EQ,2026-03-31
CONSUMER, EQ,2026-03-31
CONSUMIETF, EQ,2026-03-31
CONTROLPR, EQ,2026-03-31
CORALFINAC, EQ,2026-03-31
CORDSCABLE, EQ,2026-03-31
COROMANDEL, EQ,2026-03-31
CORONA, EQ,2026-03-31
COSMOFIRST, EQ,2026-03-31
COUNCODOS, EQ,2026-03-31
CPCAP, EQ,2026-03-31
CPEDU, EQ,2026-03-31
CPPLUS, EQ,2026-03-31
CPSEETF, EQ,2026-03-31
CRAFTSMAN, EQ,2026-03-31
CRAMC, EQ,2026-03-31
CREATIVEYE, EQ,2026-03-31
CREDITACC, EQ,2026-03-31
CREST, EQ,2026-03-31
CRISIL, EQ,2026-03-31
CRIZAC, EQ,2026-03-31
CROMPTON, EQ,2026-03-31
CROWN, EQ,2026-03-31
CSBBANK, EQ,2026-03-31
CSLFINANCE, EQ,2026-03-31
CTE, EQ,2026-03-31
CUB, EQ,2026-03-31
CUBEXTUB, EQ,2026-03-31
CUMMINSIND, EQ,2026-03-31
CUPID, EQ,2026-03-31
CYBERMEDIA, EQ,2026-03-31
CYBERTECH, EQ,2026-03-31
CYIENT, EQ,2026-03-31
CYIENTDLM, EQ,2026-03-31
DABUR, EQ,2026-03-31
DALBHARAT, EQ,2026-03-31
DALMIASUG, EQ,2026-03-31
DAMCAPITAL, EQ,2026-03-31
DAMODARIND, EQ,2026-03-31
DANGEE, EQ,2026-03-31
DATAMATICS, EQ,2026-03-31
DATAPATTNS, EQ,2026-03-31
DAVANGERE, EQ,2026-03-31
DBCORP, EQ,2026-03-31
DBEIL, EQ,2026-03-31
DBL, EQ,2026-03-31
DBOL, EQ,2026-03-31
DBREALTY, EQ,2026-03-31
DBSTOCKBRO, EQ,2026-03-31
DCAL, EQ,2026-03-31
DCBBANK, EQ,2026-03-31
DCI, EQ,2026-03-31
DCM, EQ,2026-03-31
DCMNVL, EQ,2026-03-31
DCMSHRIRAM, EQ,2026-03-31
DCMSRIND, EQ,2026-03-31
DCW, EQ,2026-03-31
DCXINDIA, EQ,2026-03-31
DDEVPLSTIK, EQ,2026-03-31
DECCANCE, EQ,2026-03-31
DEEDEV, EQ,2026-03-31
DEEPAKFERT, EQ,2026-03-31
DEEPAKNTR, EQ,2026-03-31
DEEPINDS, EQ,2026-03-31
DEFENCE, EQ,2026-03-31
DELHIVERY, EQ,2026-03-31
DELPHIFX, EQ,2026-03-31
DELTACORP, EQ,2026-03-31
DELTAMAGNT, EQ,2026-03-31
DEN, EQ,2026-03-31
DENORA, EQ,2026-03-31
DENTA, EQ,2026-03-31
DEVIT, EQ,2026-03-31
DEVX, EQ,2026-03-31
DEVYANI, EQ,2026-03-31
DGCONTENT, EQ,2026-03-31
DHAMPURSUG, EQ,2026-03-31
DHANBANK, EQ,2026-03-31
DHANUKA, EQ,2026-03-31
DHARMAJ, EQ,2026-03-31
DHRUV, EQ,2026-03-31
DHUNINV, EQ,2026-03-31
DIACABS, EQ,2026-03-31
DIAMINESQ, EQ,2026-03-31
DIAMONDYD, EQ,2026-03-31
DICIND, EQ,2026-03-31
DIFFNKG, EQ,2026-03-31
DIGIDRIVE, EQ,2026-03-31
DIGISPICE, EQ,2026-03-31
DIGITIDE, EQ,2026-03-31
DIGJAMLMTD, EQ,2026-03-31
DISHTV, EQ,2026-03-31
DIVGIITTS, EQ,2026-03-31
DIVIDEND, EQ,2026-03-31
DIVISLAB, EQ,2026-03-31
DIVOPPBEES, EQ,2026-03-31
DIXON, EQ,2026-03-31
DLF, EQ,2026-03-31
DLINKINDIA, EQ,2026-03-31
DMART, EQ,2026-03-31
DMCC, EQ,2026-03-31
DNAMEDIA, EQ,2026-03-31
DODLA, EQ,2026-03-31
DOLATALGO, EQ,2026-03-31
DOLLAR, EQ,2026-03-31
DOLPHIN, EQ,2026-03-31
DOMS, EQ,2026-03-31
DONEAR, EQ,2026-03-31
DPABHUSHAN, EQ,2026-03-31
DPSCLTD, EQ,2026-03-31
DPWIRES, EQ,2026-03-31
DRCSYSTEMS, EQ,2026-03-31
DREAMFOLKS, EQ,2026-03-31
DREDGECORP, EQ,2026-03-31
DRREDDY, EQ,2026-03-31
DSFCL, EQ,2026-03-31
DSSL, EQ,2026-03-31
DTIL, EQ,2026-03-31
DUCON, EQ,2026-03-31
DVL, EQ,2026-03-31
DWARKESH, EQ,2026-03-31
DYCL, EQ,2026-03-31
DYNAMATECH, EQ,2026-03-31
DYNPRO, EQ,2026-03-31
EASEMYTRIP, EQ,2026-03-31
EBANKNIFTY, EQ,2026-03-31
EBBETF0430, EQ,2026-03-31
EBBETF0431, EQ,2026-03-31
EBBETF0433, EQ,2026-03-31
EBGNG, EQ,2026-03-31
ECAPINSURE, EQ,2026-03-31
ECLERX, EQ,2026-03-31
ECOSMOBLTY, EQ,2026-03-31
EDELWEISS, EQ,2026-03-31
EFCIL, EQ,2026-03-31
EGOLD, EQ,2026-03-31
EICHERMOT, EQ,2026-03-31
EIDPARRY, EQ,2026-03-31
EIEL, EQ,2026-03-31
EIFFL, EQ,2026-03-31
EIHAHOTELS, EQ,2026-03-31
EIHOTEL, EQ,2026-03-31
EIMCOELECO, EQ,2026-03-31
EKC, EQ,2026-03-31
ELDEHSG, EQ,2026-03-31
ELECON, EQ,2026-03-31
ELECTCAST, EQ,2026-03-31
ELECTHERM, EQ,2026-03-31
ELGIEQUIP, EQ,2026-03-31
ELGIRUBCO, EQ,2026-03-31
ELIN, EQ,2026-03-31
ELIQUID, EQ,2026-03-31
ELLEN, EQ,2026-03-31
ELM250, EQ,2026-03-31
EMAMILTD, EQ,2026-03-31
EMAMIPAP, EQ,2026-03-31
EMAMIREAL, EQ,2026-03-31
EMCURE, EQ,2026-03-31
EMIL, EQ,2026-03-31
EMKAY, EQ,2026-03-31
EMMBI, EQ,2026-03-31
EMMVEE, EQ,2026-03-31
EMSLIMITED, EQ,2026-03-31
EMUDHRA, EQ,2026-03-31
EMULTIMQ, EQ,2026-03-31
ENDURANCE, EQ,2026-03-31
ENERGY, EQ,2026-03-31
ENERGYDEV, EQ,2026-03-31
ENGINERSIN, EQ,2026-03-31
ENIFTY, EQ,2026-03-31
ENIL, EQ,2026-03-31
ENRIN, EQ,2026-03-31
ENTERO, EQ,2026-03-31
EPACK, EQ,2026-03-31
EPACKPEB, EQ,2026-03-31
EPIGRAL, EQ,2026-03-31
EPL, EQ,2026-03-31
EQUAL200, EQ,2026-03-31
EQUAL50, EQ,2026-03-31
EQUAL50ADD, EQ,2026-03-31
EQUITASBNK, EQ,2026-03-31
ERIS, EQ,2026-03-31
ESABINDIA, EQ,2026-03-31
ESAFSFB, EQ,2026-03-31
ESCORTS, EQ,2026-03-31
ESENSEX, EQ,2026-03-31
ESG, EQ,2026-03-31
ESILVER, EQ,2026-03-31
ESSARSHPNG, EQ,2026-03-31
ESSENTIA, EQ,2026-03-31
ESTER, EQ,2026-03-31
ETERNAL, EQ,2026-03-31
ETHOSLTD, EQ,2026-03-31
EUREKAFORB, EQ,2026-03-31
EUROBOND, EQ,2026-03-31
EUROPRATIK, EQ,2026-03-31
EUROTEXIND, EQ,2026-03-31
EVEREADY, EQ,2026-03-31
EVERESTIND, EQ,2026-03-31
EVIETF, EQ,2026-03-31
EVINDIA, EQ,2026-03-31
EXCEL, EQ,2026-03-31
EXCELINDUS, EQ,2026-03-31
EXCELSOFT, EQ,2026-03-31
EXICOM, EQ,2026-03-31
EXIDEIND, EQ,2026-03-31
EXPLEOSOL, EQ,2026-03-31
EXXARO, EQ,2026-03-31
FABTECH, EQ,2026-03-31
FACT, EQ,2026-03-31
FAIRCHEMOR, EQ,2026-03-31
FCL, EQ,2026-03-31
FCSSOFT, EQ,2026-03-31
FDC, EQ,2026-03-31
FEDERALBNK, EQ,2026-03-31
FEDFINA, EQ,2026-03-31
FIEMIND, EQ,2026-03-31
FILATEX, EQ,2026-03-31
FILATFASH, EQ,2026-03-31
FINCABLES, EQ,2026-03-31
FINEORG, EQ,2026-03-31
FINIETF, EQ,2026-03-31
FINKURVE, EQ,2026-03-31
FINOPB, EQ,2026-03-31
FINPIPE, EQ,2026-03-31
FIRSTCRY, EQ,2026-03-31
FISCHER, EQ,2026-03-31
FIVESTAR, EQ,2026-03-31
FLAIR, EQ,2026-03-31
FLEXIADD, EQ,2026-03-31
FLEXITUFF, EQ,2026-03-31
FLUOROCHEM, EQ,2026-03-31
FMCGIETF, EQ,2026-03-31
FMGOETZE, EQ,2026-03-31
FMNL, EQ,2026-03-31
FOCUS, EQ,2026-03-31
FOODSIN, EQ,2026-03-31
FORCEMOT, EQ,2026-03-31
FORTIS, EQ,2026-03-31
FOSECOIND, EQ,2026-03-31
FRACTAL, EQ,2026-03-31
FSL, EQ,2026-03-31
FUSION, EQ,2026-03-31
GABRIEL, EQ,2026-03-31
GAEL, EQ,2026-03-31
GAIL, EQ,2026-03-31
GALAPREC, EQ,2026-03-31
GALAXYSURF, EQ,2026-03-31
GALLANTT, EQ,2026-03-31
GANDHAR, EQ,2026-03-31
GANDHITUBE, EQ,2026-03-31
GANECOS, EQ,2026-03-31
GANESHBE, EQ,2026-03-31
GANESHCP, EQ,2026-03-31
GANESHHOU, EQ,2026-03-31
GANGAFORGE, EQ,2026-03-31
GANGESSECU, EQ,2026-03-31
GARFIBRES, EQ,2026-03-31
GARUDA, EQ,2026-03-31
GATECH, EQ,2026-03-31
GATECHDVR, EQ,2026-03-31
GATEWAY, EQ,2026-03-31
GAUDIUMIVF, EQ,2026-03-31
GAYAHWS, EQ,2026-03-31
GCSL, EQ,2026-03-31
GEECEE, EQ,2026-03-31
GEEKAYWIRE, EQ,2026-03-31
GENCON, EQ,2026-03-31
GENESYS, EQ,2026-03-31
GENUSPAPER, EQ,2026-03-31
GENUSPOWER, EQ,2026-03-31
GEOJITFSL, EQ,2026-03-31
GESHIP, EQ,2026-03-31
GFLLIMITED, EQ,2026-03-31
GHCL, EQ,2026-03-31
GHCLTEXTIL, EQ,2026-03-31
GICHSGFIN, EQ,2026-03-31
GICL, EQ,2026-03-31
GICRE, EQ,2026-03-31
GILLANDERS, EQ,2026-03-31
GILLETTE, EQ,2026-03-31
GILT10BETA, EQ,2026-03-31
GILT5BETA, EQ,2026-03-31
GILT5YBEES, EQ,2026-03-31
GINNIFILA, EQ,2026-03-31
GIPCL, EQ,2026-03-31
GKENERGY, EQ,2026-03-31
GKSL, EQ,2026-03-31
GKWLIMITED, EQ,2026-03-31
GLAND, EQ,2026-03-31
GLAXO, EQ,2026-03-31
GLENMARK, EQ,2026-03-31
GLOBAL, EQ,2026-03-31
GLOBALE, EQ,2026-03-31
GLOBALVECT, EQ,2026-03-31
GLOBE, EQ,2026-03-31
GLOBECIVIL, EQ,2026-03-31
GLOBUSSPR, EQ,2026-03-31
GLOSTERLTD, EQ,2026-03-31
GLOTTIS, EQ,2026-03-31
GMBREW, EQ,2026-03-31
GMDCLTD, EQ,2026-03-31
GMMPFAUDLR, EQ,2026-03-31
GMRAIRPORT, EQ,2026-03-31
GMRP&UI, EQ,2026-03-31
GNA, EQ,2026-03-31
GNFC, EQ,2026-03-31
GOACARBON, EQ,2026-03-31
GOCLCORP, EQ,2026-03-31
GOCOLORS, EQ,2026-03-31
GODAVARIB, EQ,2026-03-31
GODFRYPHLP, EQ,2026-03-31
GODIGIT, EQ,2026-03-31
GODREJAGRO, EQ,2026-03-31
GODREJCP, EQ,2026-03-31
GODREJIND, EQ,2026-03-31
GODREJPROP, EQ,2026-03-31
GOKEX, EQ,2026-03-31
GOKUL, EQ,2026-03-31
GOKULAGRO, EQ,2026-03-31
GOLD1, EQ,2026-03-31
GOLD360, EQ,2026-03-31
GOLDADD, EQ,2026-03-31
GOLDBEES, EQ,2026-03-31
GOLDBETA, EQ,2026-03-31
GOLDBND, EQ,2026-03-31
GOLDCASE, EQ,2026-03-31
GOLDETF, EQ,2026-03-31
GOLDIAM, EQ,2026-03-31
GOLDIETF, EQ,2026-03-31
GOLDTECH, EQ,2026-03-31
GOODLUCK, EQ,2026-03-31
GOPAL, EQ,2026-03-31
GPIL, EQ,2026-03-31
GPPL, EQ,2026-03-31
GPTHEALTH, EQ,2026-03-31
GPTINFRA, EQ,2026-03-31
GRANULES, EQ,2026-03-31
GRAPHITE, EQ,2026-03-31
GRASIM, EQ,2026-03-31
GRAVITA, EQ,2026-03-31
GREAVESCOT, EQ,2026-03-31
GREENLAM, EQ,2026-03-31
GREENPANEL, EQ,2026-03-31
GREENPLY, EQ,2026-03-31
GREENPOWER, EQ,2026-03-31
GRINDWELL, EQ,2026-03-31
GRINFRA, EQ,2026-03-31
GRMOVER, EQ,2026-03-31
GROBTEA, EQ,2026-03-31
GROWW, EQ,2026-03-31
GROWWCAPM, EQ,2026-03-31
GROWWCHEM, EQ,2026-03-31
GROWWDEFNC, EQ,2026-03-31
GROWWEV, EQ,2026-03-31
GROWWGOLD, EQ,2026-03-31
GROWWHOSPI, EQ,2026-03-31
GROWWLIQID, EQ,2026-03-31
GROWWLOVOL, EQ,2026-03-31
GROWWMC150, EQ,2026-03-31
GROWWMETAL, EQ,2026-03-31
GROWWMOM50, EQ,2026-03-31
GROWWN200, EQ,2026-03-31
GROWWNET, EQ,2026-03-31
GROWWNIFTY, EQ,2026-03-31
GROWWNXT50, EQ,2026-03-31
GROWWPOWER, EQ,2026-03-31
GROWWPSE, EQ,2026-03-31
GROWWPSUBK, EQ,2026-03-31
GROWWRAIL, EQ,2026-03-31
GROWWRLTY, EQ,2026-03-31
GROWWSC250, EQ,2026-03-31
GROWWSLVR, EQ,2026-03-31
GRPLTD, EQ,2026-03-31
GRSE, EQ,2026-03-31
GRWRHITECH, EQ,2026-03-31
GSEC10IETF, EQ,2026-03-31
GSEC10YEAR, EQ,2026-03-31
GSEC5IETF, EQ,2026-03-31
GSFC, EQ,2026-03-31
GSLSU, EQ,2026-03-31
GSPCROP, EQ,2026-03-31
GSPL, EQ,2026-03-31
GSS, EQ,2026-03-31
GTECJAINX, EQ,2026-03-31
GTL, EQ,2026-03-31
GTLINFRA, EQ,2026-03-31
GTPL, EQ,2026-03-31
GUFICBIO, EQ,2026-03-31
GUJALKALI, EQ,2026-03-31
GUJAPOLLO, EQ,2026-03-31
GUJGASLTD, EQ,2026-03-31
GUJRAFFIA, EQ,2026-03-31
GUJTHEM, EQ,2026-03-31
GULFOILLUB, EQ,2026-03-31
GULFPETRO, EQ,2026-03-31
GULPOLY, EQ,2026-03-31
GVPTECH, EQ,2026-03-31
GVT&D, EQ,2026-03-31
HAL, EQ,2026-03-31
HALDER, EQ,2026-03-31
HALEOSLABS, EQ,2026-03-31
HAPPSTMNDS, EQ,2026-03-31
HAPPYFORGE, EQ,2026-03-31
HARIOMPIPE, EQ,2026-03-31
HARRMALAYA, EQ,2026-03-31
HARSHA, EQ,2026-03-31
HATHWAY, EQ,2026-03-31
HATSUN, EQ,2026-03-31
HAVELLS, EQ,2026-03-31
HAVISHA, EQ,2026-03-31
HBLENGINE, EQ,2026-03-31
HBSL, EQ,2026-03-31
HCC, EQ,2026-03-31
HCG, EQ,2026-03-31
HCL-INSYS, EQ,2026-03-31
HCLTECH, EQ,2026-03-31
HDBFS, EQ,2026-03-31
HDFCAMC, EQ,2026-03-31
HDFCBANK, EQ,2026-03-31
HDFCBSE500, EQ,2026-03-31
HDFCGOLD, EQ,2026-03-31
HDFCGROWTH, EQ,2026-03-31
HDFCLIFE, EQ,2026-03-31
HDFCLIQUID, EQ,2026-03-31
HDFCLOWVOL, EQ,2026-03-31
HDFCMID150, EQ,2026-03-31
HDFCMOMENT, EQ,2026-03-31
HDFCNEXT50, EQ,2026-03-31
HDFCNIF100, EQ,2026-03-31
HDFCNIFBAN, EQ,2026-03-31
HDFCNIFIT, EQ,2026-03-31
HDFCNIFTY, EQ,2026-03-31
HDFCPSUBK, EQ,2026-03-31
HDFCPVTBAN, EQ,2026-03-31
HDFCQUAL, EQ,2026-03-31
HDFCSENSEX, EQ,2026-03-31
HDFCSILVER, EQ,2026-03-31
HDFCSML250, EQ,2026-03-31
HDFCVALUE, EQ,2026-03-31
HEADSUP, EQ,2026-03-31
HEALTHADD, EQ,2026-03-31
HEALTHCARE, EQ,2026-03-31
HEALTHIETF, EQ,2026-03-31
HEALTHY, EQ,2026-03-31
HECPROJECT, EQ,2026-03-31
HEG, EQ,2026-03-31
HEIDELBERG, EQ,2026-03-31
HEMIPROP, EQ,2026-03-31
HERANBA, EQ,2026-03-31
HERITGFOOD, EQ,2026-03-31
HEROMOTOCO, EQ,2026-03-31
HESTERBIO, EQ,2026-03-31
HEXATRADEX, EQ,2026-03-31
HEXT, EQ,2026-03-31
HFCL, EQ,2026-03-31
HGINFRA, EQ,2026-03-31
HGM, EQ,2026-03-31
HGS, EQ,2026-03-31
HIKAL, EQ,2026-03-31
HILINFRA, EQ,2026-03-31
HILTON, EQ,2026-03-31
HIMATSEIDE, EQ,2026-03-31
HINDALCO, EQ,2026-03-31
HINDCOMPOS, EQ,2026-03-31
HINDCON, EQ,2026-03-31
HINDCOPPER, EQ,2026-03-31
HINDOILEXP, EQ,2026-03-31
HINDPETRO, EQ,2026-03-31
HINDUNILVR, EQ,2026-03-31
HINDWAREAP, EQ,2026-03-31
HINDZINC, EQ,2026-03-31
HIRECT, EQ,2026-03-31
HISARMETAL, EQ,2026-03-31
HITECH, EQ,2026-03-31
HITECHCORP, EQ,2026-03-31
HLEGLAS, EQ,2026-03-31
HLVLTD, EQ,2026-03-31
HMAAGRO, EQ,2026-03-31
HMVL, EQ,2026-03-31
HNDFDS, EQ,2026-03-31
HNGSNGBEES, EQ,2026-03-31
HOMEFIRST, EQ,2026-03-31
HONASA, EQ,2026-03-31
HONAUT, EQ,2026-03-31
HONDAPOWER, EQ,2026-03-31
HPAL, EQ,2026-03-31
HPIL, EQ,2026-03-31
HPL, EQ,2026-03-31
HSBCGOLD, EQ,2026-03-31
HSCL, EQ,2026-03-31
HTMEDIA, EQ,2026-03-31
HUBTOWN, EQ,2026-03-31
HUDCO, EQ,2026-03-31
HUHTAMAKI, EQ,2026-03-31
HYBRIDFIN, EQ,2026-03-31
HYUNDAI, EQ,2026-03-31
IBULLSLTD, EQ,2026-03-31
ICEMAKE, EQ,2026-03-31
ICICIAMC, EQ,2026-03-31
ICICIB22, EQ,2026-03-31
ICICIBANK, EQ,2026-03-31
ICICIGI, EQ,2026-03-31
ICICIPRULI, EQ,2026-03-31
ICIL, EQ,2026-03-31
ICRA, EQ,2026-03-31
IDBI, EQ,2026-03-31
IDEA, EQ,2026-03-31
IDEAFORGE, EQ,2026-03-31
IDFCFIRSTB, EQ,2026-03-31
IDFNIFTYET, EQ,2026-03-31
IEX, EQ,2026-03-31
IFBAGRO, EQ,2026-03-31
IFBIND, EQ,2026-03-31
IFCI, EQ,2026-03-31
IFGLEXPOR, EQ,2026-03-31
IGARASHI, EQ,2026-03-31
IGCL, EQ,2026-03-31
IGIL, EQ,2026-03-31
IGL, EQ,2026-03-31
IGPL, EQ,2026-03-31
IIFL, EQ,2026-03-31
IIFLCAPS, EQ,2026-03-31
IITL, EQ,2026-03-31
IKIO, EQ,2026-03-31
IKS, EQ,2026-03-31
IMAGICAA, EQ,2026-03-31
IMFA, EQ,2026-03-31
IMPAL, EQ,2026-03-31
INA, EQ,2026-03-31
INCREDIBLE, EQ,2026-03-31
INDBANK, EQ,2026-03-31
INDGN, EQ,2026-03-31
INDHOTEL, EQ,2026-03-31
INDIACEM, EQ,2026-03-31
INDIAGLYCO, EQ,2026-03-31
INDIAMART, EQ,2026-03-31
INDIANB, EQ,2026-03-31
INDIANCARD, EQ,2026-03-31
INDIANHUME, EQ,2026-03-31
INDIASHLTR, EQ,2026-03-31
INDIGO, EQ,2026-03-31
INDIGOPNTS, EQ,2026-03-31
INDIQUBE, EQ,2026-03-31
INDNIPPON, EQ,2026-03-31
INDOAMIN, EQ,2026-03-31
INDOBORAX, EQ,2026-03-31
INDOCO, EQ,2026-03-31
INDOFARM, EQ,2026-03-31
INDORAMA, EQ,2026-03-31
INDOSTAR, EQ,2026-03-31
INDOTECH, EQ,2026-03-31
INDOTHAI, EQ,2026-03-31
INDOUS, EQ,2026-03-31
INDOWIND, EQ,2026-03-31
INDRAMEDCO, EQ,2026-03-31
INDSWFTLAB, EQ,2026-03-31
INDTERRAIN, EQ,2026-03-31
INDUSINDBK, EQ,2026-03-31
INDUSTOWER, EQ,2026-03-31
INFOBEAN, EQ,2026-03-31
INFOMEDIA, EQ,2026-03-31
INFRA, EQ,2026-03-31
INFRABEES, EQ,2026-03-31
INFRAIETF, EQ,2026-03-31
INFY, EQ,2026-03-31
INGERRAND, EQ,2026-03-31
INNOVACAP, EQ,2026-03-31
INNOVANA, EQ,2026-03-31
INNOVISION, EQ,2026-03-31
INOXGREEN, EQ,2026-03-31
INOXINDIA, EQ,2026-03-31
INOXWIND, EQ,2026-03-31
INSECTICID, EQ,2026-03-31
INTELLECT, EQ,2026-03-31
INTENTECH, EQ,2026-03-31
INTERARCH, EQ,2026-03-31
INTERNET, EQ,2026-03-31
INTLCONV, EQ,2026-03-31
INVENTURE, EQ,2026-03-31
IOB, EQ,2026-03-31
IOC, EQ,2026-03-31
IOLCP, EQ,2026-03-31
IONEXCHANG, EQ,2026-03-31
IPCALAB, EQ,2026-03-31
IPL, EQ,2026-03-31
IRB, EQ,2026-03-31
IRCON, EQ,2026-03-31
IRCTC, EQ,2026-03-31
IREDA, EQ,2026-03-31
IRFC, EQ,2026-03-31
IRIS, EQ,2026-03-31
IRISDOREME, EQ,2026-03-31
IRMENERGY, EQ,2026-03-31
ISFT, EQ,2026-03-31
ISGEC, EQ,2026-03-31
ISHANCH, EQ,2026-03-31
IT, EQ,2026-03-31
ITADD, EQ,2026-03-31
ITBEES, EQ,2026-03-31
ITBETA, EQ,2026-03-31
ITC, EQ,2026-03-31
ITCHOTELS, EQ,2026-03-31
ITDC, EQ,2026-03-31
ITETF, EQ,2026-03-31
ITI, EQ,2026-03-31
ITIETF, EQ,2026-03-31
IVALUE, EQ,2026-03-31
IVC, EQ,2026-03-31
IVP, EQ,2026-03-31
IVZINGOLD, EQ,2026-03-31
IVZINNIFTY, EQ,2026-03-31
IXIGO, EQ,2026-03-31
J&KBANK, EQ,2026-03-31
JAGRAN, EQ,2026-03-31
JAGSNPHARM, EQ,2026-03-31
JAIBALAJI, EQ,2026-03-31
JAICORPLTD, EQ,2026-03-31
JAINREC, EQ,2026-03-31
JAIPURKURT, EQ,2026-03-31
JAMNAAUTO, EQ,2026-03-31
JARO, EQ,2026-03-31
JASH, EQ,2026-03-31
JAYAGROGN, EQ,2026-03-31
JAYBARMARU, EQ,2026-03-31
JAYKAY, EQ,2026-03-31
JAYNECOIND, EQ,2026-03-31
JAYSREETEA, EQ,2026-03-31
JBCHEPHARM, EQ,2026-03-31
JBMA, EQ,2026-03-31
JETFREIGHT, EQ,2026-03-31
JGCHEM, EQ,2026-03-31
JHS, EQ,2026-03-31
JINDALPHOT, EQ,2026-03-31
JINDALPOLY, EQ,2026-03-31
JINDALSAW, EQ,2026-03-31
JINDALSTEL, EQ,2026-03-31
JINDRILL, EQ,2026-03-31
JINDWORLD, EQ,2026-03-31
JIOFIN, EQ,2026-03-31
JISLDVREQS, EQ,2026-03-31
JISLJALEQS, EQ,2026-03-31
JKCEMENT, EQ,2026-03-31
JKIL, EQ,2026-03-31
JKIPL, EQ,2026-03-31
JKLAKSHMI, EQ,2026-03-31
JKPAPER, EQ,2026-03-31
JKTYRE, EQ,2026-03-31
JLHL, EQ,2026-03-31
JMA, EQ,2026-03-31
JMFINANCIL, EQ,2026-03-31
JNKINDIA, EQ,2026-03-31
JOCIL, EQ,2026-03-31
JPOLYINVST, EQ,2026-03-31
JPPOWER, EQ,2026-03-31
JSFB, EQ,2026-03-31
JSL, EQ,2026-03-31
JSLL, EQ,2026-03-31
JSWCEMENT, EQ,2026-03-31
JSWENERGY, EQ,2026-03-31
JSWHL, EQ,2026-03-31
JSWINFRA, EQ,2026-03-31
JSWSTEEL, EQ,2026-03-31
JTEKTINDIA, EQ,2026-03-31
JTLIND, EQ,2026-03-31
JUBLCPL, EQ,2026-03-31
JUBLFOOD, EQ,2026-03-31
JUBLINGREA, EQ,2026-03-31
JUBLPHARMA, EQ,2026-03-31
JUNIORBEES, EQ,2026-03-31
JUNIPER, EQ,2026-03-31
JUSTDIAL, EQ,2026-03-31
JWL, EQ,2026-03-31
JYOTHYLAB, EQ,2026-03-31
JYOTICNC, EQ,2026-03-31
JYOTISTRUC, EQ,2026-03-31
KABRAEXTRU, EQ,2026-03-31
KAJARIACER, EQ,2026-03-31
KAKATCEM, EQ,2026-03-31
KALAMANDIR, EQ,2026-03-31
KALPATARU, EQ,2026-03-31
KALYANIFRG, EQ,2026-03-31
KALYANKJIL, EQ,2026-03-31
KAMATHOTEL, EQ,2026-03-31
KAMDHENU, EQ,2026-03-31
KAMOPAINTS, EQ,2026-03-31
KANANIIND, EQ,2026-03-31
KANORICHEM, EQ,2026-03-31
KANPRPLA, EQ,2026-03-31
KANSAINER, EQ,2026-03-31
KARMAENG, EQ,2026-03-31
KARURVYSYA, EQ,2026-03-31
KAUSHALYA, EQ,2026-03-31
KAYA, EQ,2026-03-31
KAYNES, EQ,2026-03-31
KCP, EQ,2026-03-31
KCPSUGIND, EQ,2026-03-31
KDDL, EQ,2026-03-31
KEC, EQ,2026-03-31
KECL, EQ,2026-03-31
KEEPLEARN, EQ,2026-03-31
KEI, EQ,2026-03-31
KELLTONTEC, EQ,2026-03-31
KERNEX, EQ,2026-03-31
KESORAMIND, EQ,2026-03-31
KEYFINSERV, EQ,2026-03-31
KFINTECH, EQ,2026-03-31
KHADIM, EQ,2026-03-31
KHAICHEM, EQ,2026-03-31
KHAITANLTD, EQ,2026-03-31
KHANDSE, EQ,2026-03-31
KICL, EQ,2026-03-31
KILITCH, EQ,2026-03-31
KIMS, EQ,2026-03-31
KINGFA, EQ,2026-03-31
KIOCL, EQ,2026-03-31
KIRIINDUS, EQ,2026-03-31
KIRLOSBROS, EQ,2026-03-31
KIRLOSENG, EQ,2026-03-31
KIRLOSIND, EQ,2026-03-31
KIRLPNU, EQ,2026-03-31
KITEX, EQ,2026-03-31
KKCL, EQ,2026-03-31
KMEW, EQ,2026-03-31
KMSUGAR, EQ,2026-03-31
KNAGRI, EQ,2026-03-31
KNRCON, EQ,2026-03-31
KOHINOOR, EQ,2026-03-31
KOKUYOCMLN, EQ,2026-03-31
KOLTEPATIL, EQ,2026-03-31
KOPRAN, EQ,2026-03-31
KOTAKBANK, EQ,2026-03-31
KOTARISUG, EQ,2026-03-31
KOTHARIPET, EQ,2026-03-31
KOTHARIPRO, EQ,2026-03-31
KOTYARK, EQ,2026-03-31
KPEL, EQ,2026-03-31
KPIGREEN, EQ,2026-03-31
KPIL, EQ,2026-03-31
KPITTECH, EQ,2026-03-31
KPRMILL, EQ,2026-03-31
KRBL, EQ,2026-03-31
KREBSBIO, EQ,2026-03-31
KRIDHANINF, EQ,2026-03-31
KRISHANA, EQ,2026-03-31
KRISHIVAL, EQ,2026-03-31
KRISHNADEF, EQ,2026-03-31
KRITI, EQ,2026-03-31
KRITIKA, EQ,2026-03-31
KRITINUT, EQ,2026-03-31
KRN, EQ,2026-03-31
KRONOX, EQ,2026-03-31
KROSS, EQ,2026-03-31
KRSNAA, EQ,2026-03-31
KRYSTAL, EQ,2026-03-31
KSB, EQ,2026-03-31
KSCL, EQ,2026-03-31
KSHINTL, EQ,2026-03-31
KSL, EQ,2026-03-31
KSOLVES, EQ,2026-03-31
KTKBANK, EQ,2026-03-31
KUANTUM, EQ,2026-03-31
KWIL, EQ,2026-03-31
LAGNAM, EQ,2026-03-31
LAL, EQ,2026-03-31
LALPATHLAB, EQ,2026-03-31
LAMBODHARA, EQ,2026-03-31
LANDMARK, EQ,2026-03-31
LAOPALA, EQ,2026-03-31
LASA, EQ,2026-03-31
LATENTVIEW, EQ,2026-03-31
LATTEYS, EQ,2026-03-31
LAURUSLABS, EQ,2026-03-31
LAXMIDENTL, EQ,2026-03-31
LAXMIINDIA, EQ,2026-03-31
LEMERITE, EQ,2026-03-31
LEMONTREE, EQ,2026-03-31
LENSKART, EQ,2026-03-31
LFIC, EQ,2026-03-31
LGBBROSLTD, EQ,2026-03-31
LGEINDIA, EQ,2026-03-31
LGHL, EQ,2026-03-31
LIBAS, EQ,2026-03-31
LIBERTSHOE, EQ,2026-03-31
LICHSGFIN, EQ,2026-03-31
LICI, EQ,2026-03-31
LICMFGOLD, EQ,2026-03-31
LICNETFGSC, EQ,2026-03-31
LICNETFN50, EQ,2026-03-31
LICNETFSEN, EQ,2026-03-31
LICNFNHGP, EQ,2026-03-31
LICNMID100, EQ,2026-03-31
LIKHITHA, EQ,2026-03-31
LINC, EQ,2026-03-31
LINCOLN, EQ,2026-03-31
LINDEINDIA, EQ,2026-03-31
LIQGRWBEES, EQ,2026-03-31
LIQUID, EQ,2026-03-31
LIQUID1, EQ,2026-03-31
LIQUIDADD, EQ,2026-03-31
LIQUIDBEES, EQ,2026-03-31
LIQUIDBETF, EQ,2026-03-31
LIQUIDCASE, EQ,2026-03-31
LIQUIDETF, EQ,2026-03-31
LIQUIDIETF, EQ,2026-03-31
LIQUIDPLUS, EQ,2026-03-31
LIQUIDSBI, EQ,2026-03-31
LIQUIDSHRI, EQ,2026-03-31
LLOYDSENGG, EQ,2026-03-31
LLOYDSENT, EQ,2026-03-31
LLOYDSME, EQ,2026-03-31
LMW, EQ,2026-03-31
LODHA, EQ,2026-03-31
LOKESHMACH, EQ,2026-03-31
LORDSCHLO, EQ,2026-03-31
LOTUSDEV, EQ,2026-03-31
LOTUSEYE, EQ,2026-03-31
LOVABLE, EQ,2026-03-31
LOWVOL, EQ,2026-03-31
LOWVOL1, EQ,2026-03-31
LOWVOLIETF, EQ,2026-03-31
LPDC, EQ,2026-03-31
LT, EQ,2026-03-31
LTF, EQ,2026-03-31
LTFOODS, EQ,2026-03-31
LTGILTBEES, EQ,2026-03-31
LTGILTCASE, EQ,2026-03-31
LTM, EQ,2026-03-31
LTTS, EQ,2026-03-31
LUMAXIND, EQ,2026-03-31
LUMAXTECH, EQ,2026-03-31
LUPIN, EQ,2026-03-31
LUXIND, EQ,2026-03-31
LXCHEM, EQ,2026-03-31
LYKALABS, EQ,2026-03-31
LYPSAGEMS, EQ,2026-03-31
M&M, EQ,2026-03-31
M&MFIN, EQ,2026-03-31
MAANALU, EQ,2026-03-31
MACPOWER, EQ,2026-03-31
MADHAV, EQ,2026-03-31
MADHUCON, EQ,2026-03-31
MADRASFERT, EQ,2026-03-31
MAFANG, EQ,2026-03-31
MAGADSUGAR, EQ,2026-03-31
MAGNUM, EQ,2026-03-31
MAHABANK, EQ,2026-03-31
MAHAPEXLTD, EQ,2026-03-31
MAHEPC, EQ,2026-03-31
MAHESHWARI, EQ,2026-03-31
MAHKTECH, EQ,2026-03-31
MAHLIFE, EQ,2026-03-31
MAHLOG, EQ,2026-03-31
MAHSCOOTER, EQ,2026-03-31
MAHSEAMLES, EQ,2026-03-31
MAITHANALL, EQ,2026-03-31
MAKEINDIA, EQ,2026-03-31
MALLCOM, EQ,2026-03-31
MALUPAPER, EQ,2026-03-31
MAMATA, EQ,2026-03-31
MANAKCOAT, EQ,2026-03-31
MANAKSIA, EQ,2026-03-31
MANAKSTEEL, EQ,2026-03-31
MANALIPETC, EQ,2026-03-31
MANAPPURAM, EQ,2026-03-31
MANBA, EQ,2026-03-31
MANCREDIT, EQ,2026-03-31
MANGLMCEM, EQ,2026-03-31
MANINDS, EQ,2026-03-31
MANINFRA, EQ,2026-03-31
MANKIND, EQ,2026-03-31
MANOMAY, EQ,2026-03-31
MANORAMA, EQ,2026-03-31
MANORG, EQ,2026-03-31
MANUFGBEES, EQ,2026-03-31
MANUGRAPH, EQ,2026-03-31
MANYAVAR, EQ,2026-03-31
MAPMYINDIA, EQ,2026-03-31
MARALOVER, EQ,2026-03-31
MARATHON, EQ,2026-03-31
MARICO, EQ,2026-03-31
MARINE, EQ,2026-03-31
MARKOLINES, EQ,2026-03-31
MARKSANS, EQ,2026-03-31
MARSONS, EQ,2026-03-31
MARUTI, EQ,2026-03-31
MASFIN, EQ,2026-03-31
MASKINVEST, EQ,2026-03-31
MASPTOP50, EQ,2026-03-31
MASTEK, EQ,2026-03-31
MASTERTR, EQ,2026-03-31
MATRIMONY, EQ,2026-03-31
MAWANASUG, EQ,2026-03-31
MAXESTATES, EQ,2026-03-31
MAXHEALTH, EQ,2026-03-31
MAXIND, EQ,2026-03-31
MAYURUNIQ, EQ,2026-03-31
MAZDA, EQ,2026-03-31
MAZDOCK, EQ,2026-03-31
MBAPL, EQ,2026-03-31
MBEL, EQ,2026-03-31
MBLINFRA, EQ,2026-03-31
MCLEODRUSS, EQ,2026-03-31
MCLOUD, EQ,2026-03-31
MCX, EQ,2026-03-31
MEDANTA, EQ,2026-03-31
MEDIASSIST, EQ,2026-03-31
MEDICAMEQ, EQ,2026-03-31
MEDICO, EQ,2026-03-31
MEDPLUS, EQ,2026-03-31
MEESHO, EQ,2026-03-31
MEGASTAR, EQ,2026-03-31
MEIL, EQ,2026-03-31
MENONBE, EQ,2026-03-31
METAL, EQ,2026-03-31
METALIETF, EQ,2026-03-31
METROBRAND, EQ,2026-03-31
METROPOLIS, EQ,2026-03-31
MFML, EQ,2026-03-31
MFSL, EQ,2026-03-31
MGEL, EQ,2026-03-31
MGL, EQ,2026-03-31
MHLXMIRU, EQ,2026-03-31
MHRIL, EQ,2026-03-31
MICEL, EQ,2026-03-31
MID150, EQ,2026-03-31
MID150BEES, EQ,2026-03-31
MID150CASE, EQ,2026-03-31
MIDCAP, EQ,2026-03-31
MIDCAPADD, EQ,2026-03-31
MIDCAPBETA, EQ,2026-03-31
MIDCAPETF, EQ,2026-03-31
MIDCAPIETF, EQ,2026-03-31
MIDHANI, EQ,2026-03-31
MIDQ50ADD, EQ,2026-03-31
MIDSELIETF, EQ,2026-03-31
MIDSMALL, EQ,2026-03-31
MIDWESTLTD, EQ,2026-03-31
MINDACORP, EQ,2026-03-31
MINDTECK, EQ,2026-03-31
MIRCELECTR, EQ,2026-03-31
MIRZAINT, EQ,2026-03-31
MITCON, EQ,2026-03-31
MITTAL, EQ,2026-03-31
MKPL, EQ,2026-03-31
MMFL, EQ,2026-03-31
MMP, EQ,2026-03-31
MMTC, EQ,2026-03-31
MNC, EQ,2026-03-31
MOALPHA50, EQ,2026-03-31
MOBIKWIK, EQ,2026-03-31
MOCAPITAL, EQ,2026-03-31
MODEFENCE, EQ,2026-03-31
MODINATUR, EQ,2026-03-31
MODIRUBBER, EQ,2026-03-31
MODIS, EQ,2026-03-31
MODISONLTD, EQ,2026-03-31
MODTHREAD, EQ,2026-03-31
MOENERGY, EQ,2026-03-31
MOGOLD, EQ,2026-03-31
MOGSEC, EQ,2026-03-31
MOHEALTH, EQ,2026-03-31
MOHITIND, EQ,2026-03-31
MOIL, EQ,2026-03-31
MOINFRA, EQ,2026-03-31
MOIPO, EQ,2026-03-31
MOKSH, EQ,2026-03-31
MOL, EQ,2026-03-31
MOLDTECH, EQ,2026-03-31
MOLDTKPAC, EQ,2026-03-31
MOLOWVOL, EQ,2026-03-31
MOM100, EQ,2026-03-31
MOM30IETF, EQ,2026-03-31
MOM50, EQ,2026-03-31
MOMENTUM, EQ,2026-03-31
MOMENTUM30, EQ,2026-03-31
MOMENTUM50, EQ,2026-03-31
MOMGF, EQ,2026-03-31
MOMIDMTM, EQ,2026-03-31
MOMNC, EQ,2026-03-31
MOMOMENTUM, EQ,2026-03-31
MON100, EQ,2026-03-31
MON50EQUAL, EQ,2026-03-31
MONARCH, EQ,2026-03-31
MONEXT50, EQ,2026-03-31
MONEYBOXX, EQ,2026-03-31
MONIFTY100, EQ,2026-03-31
MONIFTY500, EQ,2026-03-31
MONQ50, EQ,2026-03-31
MONTECARLO, EQ,2026-03-31
MOPSE, EQ,2026-03-31
MOQUALITY, EQ,2026-03-31
MOREALTY, EQ,2026-03-31
MOREPENLAB, EQ,2026-03-31
MOSCHIP, EQ,2026-03-31
MOSERVICE, EQ,2026-03-31
MOSILVER, EQ,2026-03-31
MOSMALL250, EQ,2026-03-31
MOTHERSON, EQ,2026-03-31
MOTILALOFS, EQ,2026-03-31
MOTISONS, EQ,2026-03-31
MOTOGENFIN, EQ,2026-03-31
MOTOUR, EQ,2026-03-31
MOVALUE, EQ,2026-03-31
MPHASIS, EQ,2026-03-31
MPSLTD, EQ,2026-03-31
MRF, EQ,2026-03-31
MRPL, EQ,2026-03-31
MSCIADD, EQ,2026-03-31
MSCIINDIA, EQ,2026-03-31
MSPL, EQ,2026-03-31
MSTCLTD, EQ,2026-03-31
MSUMI, EQ,2026-03-31
MTARTECH, EQ,2026-03-31
MTNL, EQ,2026-03-31
MUFIN, EQ,2026-03-31
MUFTI, EQ,2026-03-31
MUKANDLTD, EQ,2026-03-31
MUKKA, EQ,2026-03-31
MUKTAARTS, EQ,2026-03-31
MULTICAP, EQ,2026-03-31
MUNJALAU, EQ,2026-03-31
MUNJALSHOW, EQ,2026-03-31
MURUDCERA, EQ,2026-03-31
MUTHOOTCAP, EQ,2026-03-31
MUTHOOTFIN, EQ,2026-03-31
MUTHOOTMF, EQ,2026-03-31
MVGJL, EQ,2026-03-31
MWL, EQ,2026-03-31
NACLIND, EQ,2026-03-31
NAGAFERT, EQ,2026-03-31
NAGREEKCAP, EQ,2026-03-31
NAGREEKEXP, EQ,2026-03-31
NAHARCAP, EQ,2026-03-31
NAHARINDUS, EQ,2026-03-31
NAHARPOLY, EQ,2026-03-31
NAHARSPING, EQ,2026-03-31
NAM-INDIA, EQ,2026-03-31
NARMADA, EQ,2026-03-31
NATCAPSUQ, EQ,2026-03-31
NATCOPHARM, EQ,2026-03-31
NATHBIOGEN, EQ,2026-03-31
NATIONALUM, EQ,2026-03-31
NAUKRI, EQ,2026-03-31
NAVA, EQ,2026-03-31
NAVINFLUOR, EQ,2026-03-31
NAVKARCORP, EQ,2026-03-31
NAVKARURB, EQ,2026-03-31
NAVNETEDUL, EQ,2026-03-31
NAZARA, EQ,2026-03-31
NBCC, EQ,2026-03-31
NBIFIN, EQ,2026-03-31
NCC, EQ,2026-03-31
NCLIND, EQ,2026-03-31
NDGL, EQ,2026-03-31
NDL, EQ,2026-03-31
NDLVENTURE, EQ,2026-03-31
NDRAUTO, EQ,2026-03-31
NDTV, EQ,2026-03-31
NECCLTD, EQ,2026-03-31
NECLIFE, EQ,2026-03-31
NELCAST, EQ,2026-03-31
NELCO, EQ,2026-03-31
NEOGEN, EQ,2026-03-31
NEPHROPLUS, EQ,2026-03-31
NESCO, EQ,2026-03-31
NESTLEIND, EQ,2026-03-31
NETF, EQ,2026-03-31
NETWEB, EQ,2026-03-31
NETWORK18, EQ,2026-03-31
NEULANDLAB, EQ,2026-03-31
NEWGEN, EQ,2026-03-31
NEXT30ADD, EQ,2026-03-31
NEXT50, EQ,2026-03-31
NEXT50ADD, EQ,2026-03-31
NEXT50BETA, EQ,2026-03-31
NEXT50ETF, EQ,2026-03-31
NEXT50IETF, EQ,2026-03-31
NEXTMEDIA, EQ,2026-03-31
NFL, EQ,2026-03-31
NGIL, EQ,2026-03-31
NGLFINE, EQ,2026-03-31
NH, EQ,2026-03-31
NHPC, EQ,2026-03-31
NIACL, EQ,2026-03-31
NIBE, EQ,2026-03-31
NIBL, EQ,2026-03-31
NIF100BEES, EQ,2026-03-31
NIF100IETF, EQ,2026-03-31
NIFTY1, EQ,2026-03-31
NIFTY100EW, EQ,2026-03-31
NIFTYADD, EQ,2026-03-31
NIFTYBEES, EQ,2026-03-31
NIFTYBETA, EQ,2026-03-31
NIFTYBETF, EQ,2026-03-31
NIFTYCASE, EQ,2026-03-31
NIFTYETF, EQ,2026-03-31
NIFTYIETF, EQ,2026-03-31
NIFTYQLITY, EQ,2026-03-31
NIITLTD, EQ,2026-03-31
NIITMTS, EQ,2026-03-31
NILAINFRA, EQ,2026-03-31
NILASPACES, EQ,2026-03-31
NILKAMAL, EQ,2026-03-31
NINSYS, EQ,2026-03-31
NIPPOBATRY, EQ,2026-03-31
NIRAJ, EQ,2026-03-31
NITCO, EQ,2026-03-31
NITINSPIN, EQ,2026-03-31
NITIRAJ, EQ,2026-03-31
NIVABUPA, EQ,2026-03-31
NKIND, EQ,2026-03-31
NLCINDIA, EQ,2026-03-31
NMDC, EQ,2026-03-31
NOCIL, EQ,2026-03-31
NOIDATOLL, EQ,2026-03-31
NORTHARC, EQ,2026-03-31
NOVAAGRI, EQ,2026-03-31
NPBET, EQ,2026-03-31
NPST, EQ,2026-03-31
NRAIL, EQ,2026-03-31
NRBBEARING, EQ,2026-03-31
NRL, EQ,2026-03-31
NSIL, EQ,2026-03-31
NSLNISP, EQ,2026-03-31
NTPC, EQ,2026-03-31
NTPCGREEN, EQ,2026-03-31
NUCLEUS, EQ,2026-03-31
NURECA, EQ,2026-03-31
NUVAMA, EQ,2026-03-31
NUVOCO, EQ,2026-03-31
NV20, EQ,2026-03-31
NV20BEES, EQ,2026-03-31
NV20IETF, EQ,2026-03-31
NYKAA, EQ,2026-03-31
OAL, EQ,2026-03-31
OBCL, EQ,2026-03-31
OBEROIRLTY, EQ,2026-03-31
OCCLLTD, EQ,2026-03-31
ODIGMA, EQ,2026-03-31
OFSS, EQ,2026-03-31
OIL, EQ,2026-03-31
OILCOUNTUB, EQ,2026-03-31
OILIETF, EQ,2026-03-31
OLAELEC, EQ,2026-03-31
OLECTRA, EQ,2026-03-31
OMAXAUTO, EQ,2026-03-31
OMAXE, EQ,2026-03-31
OMFREIGHT, EQ,2026-03-31
OMINFRAL, EQ,2026-03-31
OMNI, EQ,2026-03-31
ONELIFECAP, EQ,2026-03-31
ONEPOINT, EQ,2026-03-31
ONESOURCE, EQ,2026-03-31
ONGC, EQ,2026-03-31
ONMOBILE, EQ,2026-03-31
ONWARDTEC, EQ,2026-03-31
OPTIEMUS, EQ,2026-03-31
ORBTEXP, EQ,2026-03-31
ORCHASP, EQ,2026-03-31
ORCHPHARMA, EQ,2026-03-31
ORICONENT, EQ,2026-03-31
ORIENTALTL, EQ,2026-03-31
ORIENTBELL, EQ,2026-03-31
ORIENTCEM, EQ,2026-03-31
ORIENTCER, EQ,2026-03-31
ORIENTELEC, EQ,2026-03-31
ORIENTHOT, EQ,2026-03-31
ORIENTLTD, EQ,2026-03-31
ORIENTPPR, EQ,2026-03-31
ORIENTTECH, EQ,2026-03-31
ORISSAMINE, EQ,2026-03-31
ORKLAINDIA, EQ,2026-03-31
OSIAHYPER, EQ,2026-03-31
OSWALAGRO, EQ,2026-03-31
OSWALGREEN, EQ,2026-03-31
OSWALPUMPS, EQ,2026-03-31
OSWALSEEDS, EQ,2026-03-31
PACEDIGITK, EQ,2026-03-31
PAGEIND, EQ,2026-03-31
PAISALO, EQ,2026-03-31
PAKKA, EQ,2026-03-31
PALASHSECU, EQ,2026-03-31
PALREDTEC, EQ,2026-03-31
PANACEABIO, EQ,2026-03-31
PANAMAPET, EQ,2026-03-31
PANSARI, EQ,2026-03-31
PAR, EQ,2026-03-31
PARACABLES, EQ,2026-03-31
PARADEEP, EQ,2026-03-31
PARAGMILK, EQ,2026-03-31
PARAS, EQ,2026-03-31
PARKHOSPS, EQ,2026-03-31
PARKHOTELS, EQ,2026-03-31
PARSVNATH, EQ,2026-03-31
PASHUPATI, EQ,2026-03-31
PASUPTAC, EQ,2026-03-31
PATANJALI, EQ,2026-03-31
PATELENG, EQ,2026-03-31
PATELRMART, EQ,2026-03-31
PATINTLOG, EQ,2026-03-31
PAUSHAKLTD, EQ,2026-03-31
PAVNAIND, EQ,2026-03-31
PAYTM, EQ,2026-03-31
PCBL, EQ,2026-03-31
PCJEWELLER, EQ,2026-03-31
PDMJEPAPER, EQ,2026-03-31
PDSL, EQ,2026-03-31
PEARLPOLY, EQ,2026-03-31
PENIND, EQ,2026-03-31
PENINLAND, EQ,2026-03-31
PERSISTENT, EQ,2026-03-31
PETRONET, EQ,2026-03-31
PFC, EQ,2026-03-31
PFIZER, EQ,2026-03-31
PFOCUS, EQ,2026-03-31
PFS, EQ,2026-03-31
PGEL, EQ,2026-03-31
PGHH, EQ,2026-03-31
PGHL, EQ,2026-03-31
PGIL, EQ,2026-03-31
PHARMABEES, EQ,2026-03-31
PHOENIXLTD, EQ,2026-03-31
PICCADIL, EQ,2026-03-31
PIDILITIND, EQ,2026-03-31
PIGL, EQ,2026-03-31
PIIND, EQ,2026-03-31
PILANIINVS, EQ,2026-03-31
PILITA, EQ,2026-03-31
PINELABS, EQ,2026-03-31
PIONEEREMB, EQ,2026-03-31
PIRAMALFIN, EQ,2026-03-31
PITTIENG, EQ,2026-03-31
PIXTRANS, EQ,2026-03-31
PKTEA, EQ,2026-03-31
PLASTIBLEN, EQ,2026-03-31
PLATIND, EQ,2026-03-31
PLAZACABLE, EQ,2026-03-31
PNB, EQ,2026-03-31
PNBGILTS, EQ,2026-03-31
PNBHOUSING, EQ,2026-03-31
PNC, EQ,2026-03-31
PNCINFRA, EQ,2026-03-31
PNGJL, EQ,2026-03-31
PNGSREVA, EQ,2026-03-31
POCL, EQ,2026-03-31
PODDARMENT, EQ,2026-03-31
POKARNA, EQ,2026-03-31
POLICYBZR, EQ,2026-03-31
POLYCAB, EQ,2026-03-31
POLYMED, EQ,2026-03-31
POLYPLEX, EQ,2026-03-31
PONNIERODE, EQ,2026-03-31
POONAWALLA, EQ,2026-03-31
POWERGRID, EQ,2026-03-31
POWERINDIA, EQ,2026-03-31
POWERMECH, EQ,2026-03-31
PPAP, EQ,2026-03-31
PPL, EQ,2026-03-31
PPLPHARMA, EQ,2026-03-31
PRABHA, EQ,2026-03-31
PRAENG, EQ,2026-03-31
PRAJIND, EQ,2026-03-31
PRAKASH, EQ,2026-03-31
PRAKASHSTL, EQ,2026-03-31
PRAXIS, EQ,2026-03-31
PRECAM, EQ,2026-03-31
PRECWIRE, EQ,2026-03-31
PREMEXPLN, EQ,2026-03-31
PREMIERENE, EQ,2026-03-31
PREMIERPOL, EQ,2026-03-31
PRESTIGE, EQ,2026-03-31
PRICOLLTD, EQ,2026-03-31
PRIMESECU, EQ,2026-03-31
PRIMO, EQ,2026-03-31
PRINCEPIPE, EQ,2026-03-31
PRITI, EQ,2026-03-31
PRITIKAUTO, EQ,2026-03-31
PRIVISCL, EQ,2026-03-31
PROSTARM, EQ,2026-03-31
PROTEAN, EQ,2026-03-31
PROZONER, EQ,2026-03-31
PRSMJOHNSN, EQ,2026-03-31
PRUDENT, EQ,2026-03-31
PRUDMOULI, EQ,2026-03-31
PSB, EQ,2026-03-31
PSPPROJECT, EQ,2026-03-31
PSUBANK, EQ,2026-03-31
PSUBANKADD, EQ,2026-03-31
PSUBNKBEES, EQ,2026-03-31
PSUBNKIETF, EQ,2026-03-31
PTC, EQ,2026-03-31
PTCIL, EQ,2026-03-31
PTL, EQ,2026-03-31
PUNJABCHEM, EQ,2026-03-31
PURVA, EQ,2026-03-31
PVP, EQ,2026-03-31
PVRINOX, EQ,2026-03-31
PVSL, EQ,2026-03-31
PVTBANIETF, EQ,2026-03-31
PVTBANKADD, EQ,2026-03-31
PWL, EQ,2026-03-31
PYRAMID, EQ,2026-03-31
QGOLDHALF, EQ,2026-03-31
QNIFTY, EQ,2026-03-31
QPOWER, EQ,2026-03-31
QUADFUTURE, EQ,2026-03-31
QUAL30IETF, EQ,2026-03-31
QUALITY30, EQ,2026-03-31
QUESS, EQ,2026-03-31
QUICKHEAL, EQ,2026-03-31
RACE, EQ,2026-03-31
RACLGEAR, EQ,2026-03-31
RADAAN, EQ,2026-03-31
RADHIKAJWE, EQ,2026-03-31
RADIANTCMS, EQ,2026-03-31
RADICO, EQ,2026-03-31
RADIOCITY, EQ,2026-03-31
RAILTEL, EQ,2026-03-31
RAIN, EQ,2026-03-31
RAINBOW, EQ,2026-03-31
RAJMET, EQ,2026-03-31
RAJOOENG, EQ,2026-03-31
RAJRATAN, EQ,2026-03-31
RAJSREESUG, EQ,2026-03-31
RAJTV, EQ,2026-03-31
RALLIS, EQ,2026-03-31
RAMANEWS, EQ,2026-03-31
RAMAPHO, EQ,2026-03-31
RAMASTEEL, EQ,2026-03-31
RAMCOCEM, EQ,2026-03-31
RAMCOIND, EQ,2026-03-31
RAMCOSYS, EQ,2026-03-31
RAMKY, EQ,2026-03-31
RAMRAT, EQ,2026-03-31
RANASUG, EQ,2026-03-31
RANEHOLDIN, EQ,2026-03-31
RATEGAIN, EQ,2026-03-31
RATNAMANI, EQ,2026-03-31
RATNAVEER, EQ,2026-03-31
RAYMOND, EQ,2026-03-31
RAYMONDLSL, EQ,2026-03-31
RAYMONDREL, EQ,2026-03-31
RBA, EQ,2026-03-31
RBLBANK, EQ,2026-03-31
RBZJEWEL, EQ,2026-03-31
RCF, EQ,2026-03-31
RECLTD, EQ,2026-03-31
REDINGTON, EQ,2026-03-31
REDTAPE, EQ,2026-03-31
REFEX, EQ,2026-03-31
REGAAL, EQ,2026-03-31
REGENCERAM, EQ,2026-03-31
RELAXO, EQ,2026-03-31
RELCHEMQ, EQ,2026-03-31
RELIABLE, EQ,2026-03-31
RELIANCE, EQ,2026-03-31
RELIGARE, EQ,2026-03-31
RELTD, EQ,2026-03-31
REMSONSIND, EQ,2026-03-31
RENUKA, EQ,2026-03-31
REPCOHOME, EQ,2026-03-31
REPL, EQ,2026-03-31
REPRO, EQ,2026-03-31
RESPONIND, EQ,2026-03-31
RETAIL, EQ,2026-03-31
RGL, EQ,2026-03-31
RHETAN, EQ,2026-03-31
RHIM, EQ,2026-03-31
RHL, EQ,2026-03-31
RICOAUTO, EQ,2026-03-31
RIIL, EQ,2026-03-31
RISHABH, EQ,2026-03-31
RITCO, EQ,2026-03-31
RITES, EQ,2026-03-31
RKDL, EQ,2026-03-31
RKEC, EQ,2026-03-31
RKFORGE, EQ,2026-03-31
RKSWAMY, EQ,2026-03-31
RMDRIP, EQ,2026-03-31
RML, EQ,2026-03-31
ROHLTD, EQ,2026-03-31
ROLEXRINGS, EQ,2026-03-31
ROML, EQ,2026-03-31
ROSSARI, EQ,2026-03-31
ROSSELLIND, EQ,2026-03-31
ROSSTECH, EQ,2026-03-31
ROTO, EQ,2026-03-31
ROUTE, EQ,2026-03-31
RPEL, EQ,2026-03-31
RPGLIFE, EQ,2026-03-31
RPOWER, EQ,2026-03-31
RPPINFRA, EQ,2026-03-31
RPPL, EQ,2026-03-31
RPSGVENT, EQ,2026-03-31
RPTECH, EQ,2026-03-31
RRKABEL, EQ,2026-03-31
RSL, EQ,2026-03-31
RSSOFTWARE, EQ,2026-03-31
RSWM, EQ,2026-03-31
RSYSTEMS, EQ,2026-03-31
RTNINDIA, EQ,2026-03-31
RTNPOWER, EQ,2026-03-31
RUBFILA, EQ,2026-03-31
RUBICON, EQ,2026-03-31
RUBYMILLS, EQ,2026-03-31
RUCHINFRA, EQ,2026-03-31
RUCHIRA, EQ,2026-03-31
RUDRA, EQ,2026-03-31
RUPA, EQ,2026-03-31
RUSHIL, EQ,2026-03-31
RUSTOMJEE, EQ,2026-03-31
RVHL, EQ,2026-03-31
RVNL, EQ,2026-03-31
RVTH, EQ,2026-03-31
SAATVIKGL, EQ,2026-03-31
SADBHIN, EQ,2026-03-31
SADHNANIQ, EQ,2026-03-31
SAFARI, EQ,2026-03-31
SAGARDEEP, EQ,2026-03-31
SAGCEM, EQ,2026-03-31
SAGILITY, EQ,2026-03-31
SAHYADRI, EQ,2026-03-31
SAIL, EQ,2026-03-31
SAILIFE, EQ,2026-03-31
SAKAR, EQ,2026-03-31
SAKHTISUG, EQ,2026-03-31
SAKSOFT, EQ,2026-03-31
SAKUMA, EQ,2026-03-31
SALASAR, EQ,2026-03-31
SALONA, EQ,2026-03-31
SALSTEEL, EQ,2026-03-31
SALZERELEC, EQ,2026-03-31
SAMBHAAV, EQ,2026-03-31
SAMBHV, EQ,2026-03-31
SAMHI, EQ,2026-03-31
SAMMAANCAP, EQ,2026-03-31
SAMPANN, EQ,2026-03-31
SANATHAN, EQ,2026-03-31
SANDESH, EQ,2026-03-31
SANDHAR, EQ,2026-03-31
SANDUMA, EQ,2026-03-31
SANGAMIND, EQ,2026-03-31
SANGHIIND, EQ,2026-03-31
SANGHVIMOV, EQ,2026-03-31
SANOFI, EQ,2026-03-31
SANOFICONR, EQ,2026-03-31
SANSERA, EQ,2026-03-31
SANSTAR, EQ,2026-03-31
SAPPHIRE, EQ,2026-03-31
SARDAEN, EQ,2026-03-31
SAREGAMA, EQ,2026-03-31
SARLAPOLY, EQ,2026-03-31
SARVESHWAR, EQ,2026-03-31
SASKEN, EQ,2026-03-31
SASTASUNDR, EQ,2026-03-31
SATIA, EQ,2026-03-31
SATIN, EQ,2026-03-31
SAURASHCEM, EQ,2026-03-31
SBC, EQ,2026-03-31
SBCL, EQ,2026-03-31
SBFC, EQ,2026-03-31
SBGLP, EQ,2026-03-31
SBIBPB, EQ,2026-03-31
SBICARD, EQ,2026-03-31
SBIETFCON, EQ,2026-03-31
SBIETFIT, EQ,2026-03-31
SBIETFPB, EQ,2026-03-31
SBIETFQLTY, EQ,2026-03-31
SBILIFE, EQ,2026-03-31
SBILIQETF, EQ,2026-03-31
SBIMIDMOM, EQ,2026-03-31
SBIN, EQ,2026-03-31
SBINEQWETF, EQ,2026-03-31
SBISILVER, EQ,2026-03-31
SCHAEFFLER, EQ,2026-03-31
SCHAND, EQ,2026-03-31
SCI, EQ,2026-03-31
SCILAL, EQ,2026-03-31
SCODATUBES, EQ,2026-03-31
SDBL, EQ,2026-03-31
SDL26BEES, EQ,2026-03-31
SEAMECLTD, EQ,2026-03-31
SECMARK, EQ,2026-03-31
SECURKLOUD, EQ,2026-03-31
SEDEMAC, EQ,2026-03-31
SEJALLTD, EQ,2026-03-31
SELECTIPO, EQ,2026-03-31
SELMC, EQ,2026-03-31
SEMAC, EQ,2026-03-31
SENCO, EQ,2026-03-31
SENORES, EQ,2026-03-31
SENSEXADD, EQ,2026-03-31
SENSEXBETA, EQ,2026-03-31
SENSEXETF, EQ,2026-03-31
SENSEXIETF, EQ,2026-03-31
SEPC, EQ,2026-03-31
SERVOTECH, EQ,2026-03-31
SESHAPAPER, EQ,2026-03-31
SETCO, EQ,2026-03-31
SETF10GILT, EQ,2026-03-31
SETFGOLD, EQ,2026-03-31
SETFNIF50, EQ,2026-03-31
SETFNIFBK, EQ,2026-03-31
SETFNN50, EQ,2026-03-31
SETL, EQ,2026-03-31
SFL, EQ,2026-03-31
SGFIN, EQ,2026-03-31
SGIL, EQ,2026-03-31
SGL, EQ,2026-03-31
SGMART, EQ,2026-03-31
SHADOWFAX, EQ,2026-03-31
SHAH, EQ,2026-03-31
SHAHALLOYS, EQ,2026-03-31
SHAILY, EQ,2026-03-31
SHAKTIPUMP, EQ,2026-03-31
SHALBY, EQ,2026-03-31
SHALPAINTS, EQ,2026-03-31
SHANTI, EQ,2026-03-31
SHANTIGEAR, EQ,2026-03-31
SHANTIGOLD, EQ,2026-03-31
SHARDACROP, EQ,2026-03-31
SHARDAMOTR, EQ,2026-03-31
SHAREINDIA, EQ,2026-03-31
SHARIABEES, EQ,2026-03-31
SHEKHAWATI, EQ,2026-03-31
SHEMAROO, EQ,2026-03-31
SHILCTECH, EQ,2026-03-31
SHILPAMED, EQ,2026-03-31
SHIVALIK, EQ,2026-03-31
SHIVAMAUTO, EQ,2026-03-31
SHIVAMILLS, EQ,2026-03-31
SHIVATEX, EQ,2026-03-31
SHIVAUM, EQ,2026-03-31
SHK, EQ,2026-03-31
SHOPERSTOP, EQ,2026-03-31
SHRADHA, EQ,2026-03-31
SHREDIGCEM, EQ,2026-03-31
SHREECEM, EQ,2026-03-31
SHREEJISPG, EQ,2026-03-31
SHREEPUSHK, EQ,2026-03-31
SHREERAMA, EQ,2026-03-31
SHREYANIND, EQ,2026-03-31
SHRINGARMS, EQ,2026-03-31
SHRIPISTON, EQ,2026-03-31
SHRIRAMFIN, EQ,2026-03-31
SHRIRAMPPS, EQ,2026-03-31
SHYAMCENT, EQ,2026-03-31
SHYAMMETL, EQ,2026-03-31
SHYAMTEL, EQ,2026-03-31
SIEMENS, EQ,2026-03-31
SIGACHI, EQ,2026-03-31
SIGIND, EQ,2026-03-31
SIGMA, EQ,2026-03-31
SIGNATURE, EQ,2026-03-31
SIGNPOST, EQ,2026-03-31
SIKKO, EQ,2026-03-31
SIL, EQ,2026-03-31
SILGO, EQ,2026-03-31
SILINV, EQ,2026-03-31
SILLYMONKS, EQ,2026-03-31
SILVER, EQ,2026-03-31
SILVER1, EQ,2026-03-31
SILVER360, EQ,2026-03-31
SILVERADD, EQ,2026-03-31
SILVERAG, EQ,2026-03-31
SILVERBEES, EQ,2026-03-31
SILVERBETA, EQ,2026-03-31
SILVERBND, EQ,2026-03-31
SILVERCASE, EQ,2026-03-31
SILVERIETF, EQ,2026-03-31
SILVERTUC, EQ,2026-03-31
SIMPLEXINF, EQ,2026-03-31
SINCLAIR, EQ,2026-03-31
SINDHUTRAD, EQ,2026-03-31
SINGERIND, EQ,2026-03-31
SINTERCOM, EQ,2026-03-31
SIRCA, EQ,2026-03-31
SIS, EQ,2026-03-31
SIYSIL, EQ,2026-03-31
SJS, EQ,2026-03-31
SJVN, EQ,2026-03-31
SKFINDIA, EQ,2026-03-31
SKFINDUS, EQ,2026-03-31
SKIPPER, EQ,2026-03-31
SKMEGGPROD, EQ,2026-03-31
SKYGOLD, EQ,2026-03-31
SMALL250, EQ,2026-03-31
SMALLADD, EQ,2026-03-31
SMALLCAP, EQ,2026-03-31
SMARTLINK, EQ,2026-03-31
SMARTWORKS, EQ,2026-03-31
SMCGLOBAL, EQ,2026-03-31
SML100CASE, EQ,2026-03-31
SMLMAH, EQ,2026-03-31
SMLT, EQ,2026-03-31
SMSPHARMA, EQ,2026-03-31
SNOWMAN, EQ,2026-03-31
SNXT30BEES, EQ,2026-03-31
SNXT50BETA, EQ,2026-03-31
SOBHA, EQ,2026-03-31
SOFTTECH, EQ,2026-03-31
SOLARA, EQ,2026-03-31
SOLARINDS, EQ,2026-03-31
SOLARWORLD, EQ,2026-03-31
SOLEX, EQ,2026-03-31
SOMANYCERA, EQ,2026-03-31
SOMICONVEY, EQ,2026-03-31
SONACOMS, EQ,2026-03-31
SONAMLTD, EQ,2026-03-31
SONATSOFTW, EQ,2026-03-31
SOTL, EQ,2026-03-31
SOUTHBANK, EQ,2026-03-31
SOUTHWEST, EQ,2026-03-31
SPAL, EQ,2026-03-31
SPANDANA, EQ,2026-03-31
SPARC, EQ,2026-03-31
SPCENET, EQ,2026-03-31
SPECIALITY, EQ,2026-03-31
SPECTRUM, EQ,2026-03-31
SPENCERS, EQ,2026-03-31
SPIC, EQ,2026-03-31
SPLIL, EQ,2026-03-31
SPLPETRO, EQ,2026-03-31
SPMLINFRA, EQ,2026-03-31
SPORTKING, EQ,2026-03-31
SRD, EQ,2026-03-31
SREEL, EQ,2026-03-31
SRF, EQ,2026-03-31
SRGHFL, EQ,2026-03-31
SRHHYPOLTD, EQ,2026-03-31
SRM, EQ,2026-03-31
SRTL, EQ,2026-03-31
SSDL, EQ,2026-03-31
SSWL, EQ,2026-03-31
STALLION, EQ,2026-03-31
STANLEY, EQ,2026-03-31
STAR, EQ,2026-03-31
STARCEMENT, EQ,2026-03-31
STARHEALTH, EQ,2026-03-31
STARPAPER, EQ,2026-03-31
STARTECK, EQ,2026-03-31
STCINDIA, EQ,2026-03-31
STEELCAS, EQ,2026-03-31
STEELCITY, EQ,2026-03-31
STEELXIND, EQ,2026-03-31
STEL, EQ,2026-03-31
STERTOOLS, EQ,2026-03-31
STLNETWORK, EQ,2026-03-31
STLTECH, EQ,2026-03-31
STOVEKRAFT, EQ,2026-03-31
STUDDS, EQ,2026-03-31
STYL, EQ,2026-03-31
STYLAMIND, EQ,2026-03-31
STYLEBAAZA, EQ,2026-03-31
STYRENIX, EQ,2026-03-31
SUBEXLTD, EQ,2026-03-31
SUBROS, EQ,2026-03-31
SUDARCOLOR, EQ,2026-03-31
SUDARSCHEM, EQ,2026-03-31
SUDEEPPHRM, EQ,2026-03-31
SUKHJITS, EQ,2026-03-31
SULA, EQ,2026-03-31
SUMEETINDS, EQ,2026-03-31
SUMICHEM, EQ,2026-03-31
SUMIT, EQ,2026-03-31
SUMMITSEC, EQ,2026-03-31
SUNCLAY, EQ,2026-03-31
SUNDARAM, EQ,2026-03-31
SUNDARMFIN, EQ,2026-03-31
SUNDRMBRAK, EQ,2026-03-31
SUNDRMFAST, EQ,2026-03-31
SUNDROP, EQ,2026-03-31
SUNFLAG, EQ,2026-03-31
SUNPHARMA, EQ,2026-03-31
SUNTECK, EQ,2026-03-31
SUNTV, EQ,2026-03-31
SUPERHOUSE, EQ,2026-03-31
SUPERSPIN, EQ,2026-03-31
SUPRAJIT, EQ,2026-03-31
SUPREME, EQ,2026-03-31
SUPREMEIND, EQ,2026-03-31
SUPRIYA, EQ,2026-03-31
SURAJEST, EQ,2026-03-31
SURAJLTD, EQ,2026-03-31
SURAKSHA, EQ,2026-03-31
SURANASOL, EQ,2026-03-31
SURANAT&P, EQ,2026-03-31
SURYALAXMI, EQ,2026-03-31
SURYAROSNI, EQ,2026-03-31
SURYODAY, EQ,2026-03-31
SUTLEJTEX, EQ,2026-03-31
SUVEN, EQ,2026-03-31
SUVIDHAA, EQ,2026-03-31
SUYOG, EQ,2026-03-31
SUZLON, EQ,2026-03-31
SVLL, EQ,2026-03-31
SVPGLOB, EQ,2026-03-31
SWANCORP, EQ,2026-03-31
SWARAJENG, EQ,2026-03-31
SWELECTES, EQ,2026-03-31
SWIGGY, EQ,2026-03-31
SWSOLAR, EQ,2026-03-31
SYMPHONY, EQ,2026-03-31
SYNCOMF, EQ,2026-03-31
SYNGENE, EQ,2026-03-31
SYRMA, EQ,2026-03-31
SYSTMTXC, EQ,2026-03-31
TAINWALCHM, EQ,2026-03-31
TAJGVK, EQ,2026-03-31
TALBROAUTO, EQ,2026-03-31
TANLA, EQ,2026-03-31
TARACHAND, EQ,2026-03-31
TARAPUR, EQ,2026-03-31
TARC, EQ,2026-03-31
TARIL, EQ,2026-03-31
TARSONS, EQ,2026-03-31
TASTYBITE, EQ,2026-03-31
TATACAP, EQ,2026-03-31
TATACHEM, EQ,2026-03-31
TATACOMM, EQ,2026-03-31
TATACONSUM, EQ,2026-03-31
TATAELXSI, EQ,2026-03-31
TATAGOLD, EQ,2026-03-31
TATAINVEST, EQ,2026-03-31
TATAPOWER, EQ,2026-03-31
TATASTEEL, EQ,2026-03-31
TATATECH, EQ,2026-03-31
TATSILV, EQ,2026-03-31
TATVA, EQ,2026-03-31
TBOTEK, EQ,2026-03-31
TBZ, EQ,2026-03-31
TCC, EQ,2026-03-31
TCI, EQ,2026-03-31
TCIEXP, EQ,2026-03-31
TCIFINANCE, EQ,2026-03-31
TCPLPACK, EQ,2026-03-31
TCS, EQ,2026-03-31
TDPOWERSYS, EQ,2026-03-31
TEAMGTY, EQ,2026-03-31
TEAMLEASE, EQ,2026-03-31
TECH, EQ,2026-03-31
TECHM, EQ,2026-03-31
TECHNOE, EQ,2026-03-31
TECILCHEM, EQ,2026-03-31
TEGA, EQ,2026-03-31
TEJASNET, EQ,2026-03-31
TEMBO, EQ,2026-03-31
TENNIND, EQ,2026-03-31
TERASOFT, EQ,2026-03-31
TEXINFRA, EQ,2026-03-31
TEXMOPIPES, EQ,2026-03-31
TEXRAIL, EQ,2026-03-31
TFCILTD, EQ,2026-03-31
TFL, EQ,2026-03-31
TGBHOTELS, EQ,2026-03-31
THANGAMAYL, EQ,2026-03-31
THEINVEST, EQ,2026-03-31
THEJO, EQ,2026-03-31
THELEELA, EQ,2026-03-31
THEMISMED, EQ,2026-03-31
THERMAX, EQ,2026-03-31
THOMASCOOK, EQ,2026-03-31
THOMASCOTT, EQ,2026-03-31
THYROCARE, EQ,2026-03-31
TI, EQ,2026-03-31
TICL, EQ,2026-03-31
TIGERLOGS, EQ,2026-03-31
TIIL, EQ,2026-03-31
TIINDIA, EQ,2026-03-31
TIL, EQ,2026-03-31
TIMETECHNO, EQ,2026-03-31
TIMKEN, EQ,2026-03-31
TINNARUBR, EQ,2026-03-31
TIPSFILMS, EQ,2026-03-31
TIPSMUSIC, EQ,2026-03-31
TIRUMALCHM, EQ,2026-03-31
TITAGARH, EQ,2026-03-31
TITAN, EQ,2026-03-31
TMB, EQ,2026-03-31
TMCV, EQ,2026-03-31
TMPV, EQ,2026-03-31
TNIDETF, EQ,2026-03-31
TNPETRO, EQ,2026-03-31
TNPL, EQ,2026-03-31
TNTELE, EQ,2026-03-31
TOKYOPLAST, EQ,2026-03-31
TOLINS, EQ,2026-03-31
TOP100CASE, EQ,2026-03-31
TOP10ADD, EQ,2026-03-31
TOP15IETF, EQ,2026-03-31
TOP20, EQ,2026-03-31
TORNTPHARM, EQ,2026-03-31
TORNTPOWER, EQ,2026-03-31
TOTAL, EQ,2026-03-31
TOUCHWOOD, EQ,2026-03-31
TPHQ, EQ,2026-03-31
TPLPLASTEH, EQ,2026-03-31
TRACXN, EQ,2026-03-31
TRANSRAILL, EQ,2026-03-31
TRANSWORLD, EQ,2026-03-31
TRAVELFOOD, EQ,2026-03-31
TREJHARA, EQ,2026-03-31
TREL, EQ,2026-03-31
TRENT, EQ,2026-03-31
TRF, EQ,2026-03-31
TRIDENT, EQ,2026-03-31
TRIGYN, EQ,2026-03-31
TRITURBINE, EQ,2026-03-31
TRIVENI, EQ,2026-03-31
TRU, EQ,2026-03-31
TRUALT, EQ,2026-03-31
TSFINV, EQ,2026-03-31
TTKHLTCARE, EQ,2026-03-31
TTKPRESTIG, EQ,2026-03-31
TTML, EQ,2026-03-31
TVSELECT, EQ,2026-03-31
TVSHLTD, EQ,2026-03-31
TVSMOTOR, EQ,2026-03-31
TVSSRICHAK, EQ,2026-03-31
TVTODAY, EQ,2026-03-31
TVVISION, EQ,2026-03-31
TWCGOLDETF, EQ,2026-03-31
UBL, EQ,2026-03-31
UCAL, EQ,2026-03-31
UCOBANK, EQ,2026-03-31
UDS, EQ,2026-03-31
UEL, EQ,2026-03-31
UFBL, EQ,2026-03-31
UFLEX, EQ,2026-03-31
UFO, EQ,2026-03-31
UGARSUGAR, EQ,2026-03-31
UGROCAP, EQ,2026-03-31
UJJIVANSFB, EQ,2026-03-31
ULTRACEMCO, EQ,2026-03-31
UMAEXPORTS, EQ,2026-03-31
UMIYA-MRO, EQ,2026-03-31
UNICHEMLAB, EQ,2026-03-31
UNIDT, EQ,2026-03-31
UNIECOM, EQ,2026-03-31
UNIENTER, EQ,2026-03-31
UNIINFO, EQ,2026-03-31
UNIMECH, EQ,2026-03-31
UNIONBANK, EQ,2026-03-31
UNIONGOLD, EQ,2026-03-31
UNIPARTS, EQ,2026-03-31
UNITDSPR, EQ,2026-03-31
UNITECH, EQ,2026-03-31
UNITEDPOLY, EQ,2026-03-31
UNITEDTEA, EQ,2026-03-31
UNIVASTU, EQ,2026-03-31
UNIVCABLES, EQ,2026-03-31
UNOMINDA, EQ,2026-03-31
UPL, EQ,2026-03-31
URAVIDEF, EQ,2026-03-31
URBANCO, EQ,2026-03-31
URJA, EQ,2026-03-31
USHAMART, EQ,2026-03-31
UTIAMC, EQ,2026-03-31
UTKARSHBNK, EQ,2026-03-31
UTLSOLAR, EQ,2026-03-31
UTTAMSUGAR, EQ,2026-03-31
UYFINCORP, EQ,2026-03-31
V2RETAIL, EQ,2026-03-31
VADILALIND, EQ,2026-03-31
VAIBHAVGBL, EQ,2026-03-31
VAISHALI, EQ,2026-03-31
VAKRANGEE, EQ,2026-03-31
VAL30IETF, EQ,2026-03-31
VALIANTLAB, EQ,2026-03-31
VALIANTORG, EQ,2026-03-31
VALUE, EQ,2026-03-31
VARDHACRLC, EQ,2026-03-31
VARROC, EQ,2026-03-31
VASCONEQ, EQ,2026-03-31
VASWANI, EQ,2026-03-31
VBL, EQ,2026-03-31
VCL, EQ,2026-03-31
VEDL, EQ,2026-03-31
VEEDOL, EQ,2026-03-31
VENKEYS, EQ,2026-03-31
VENTIVE, EQ,2026-03-31
VENUSPIPES, EQ,2026-03-31
VENUSREM, EQ,2026-03-31
VERANDA, EQ,2026-03-31
VERTOZ, EQ,2026-03-31
VESUVIUS, EQ,2026-03-31
VETO, EQ,2026-03-31
VGL, EQ,2026-03-31
VGUARD, EQ,2026-03-31
VHL, EQ,2026-03-31
VIDHIING, EQ,2026-03-31
VIDYAWIRES, EQ,2026-03-31
VIJAYA, EQ,2026-03-31
VIKASECO, EQ,2026-03-31
VIKASLIFE, EQ,2026-03-31
VIKRAMSOLR, EQ,2026-03-31
VIKRAN, EQ,2026-03-31
VIMTALABS, EQ,2026-03-31
VINATIORGA, EQ,2026-03-31
VINCOFE, EQ,2026-03-31
VINDHYATEL, EQ,2026-03-31
VINEETLAB, EQ,2026-03-31
VINNY, EQ,2026-03-31
VINYLINDIA, EQ,2026-03-31
VIPCLOTHNG, EQ,2026-03-31
VIPIND, EQ,2026-03-31
VIRINCHI, EQ,2026-03-31
VISAKAIND, EQ,2026-03-31
VISASTEEL, EQ,2026-03-31
VISHNU, EQ,2026-03-31
VISHWARAJ, EQ,2026-03-31
VITAL, EQ,2026-03-31
VIVIDHA, EQ,2026-03-31
VIVIMEDLAB, EQ,2026-03-31
VIYASH, EQ,2026-03-31
VLEGOV, EQ,2026-03-31
VLSFINANCE, EQ,2026-03-31
VMART, EQ,2026-03-31
VMM, EQ,2026-03-31
VMSTMT, EQ,2026-03-31
VOLTAMP, EQ,2026-03-31
VOLTAS, EQ,2026-03-31
VPRPL, EQ,2026-03-31
VRAJ, EQ,2026-03-31
VRLLOG, EQ,2026-03-31
VSSL, EQ,2026-03-31
VSTIND, EQ,2026-03-31
VSTL, EQ,2026-03-31
VSTTILLERS, EQ,2026-03-31
VTL, EQ,2026-03-31
WAAREEENER, EQ,2026-03-31
WAAREERTL, EQ,2026-03-31
WABAG, EQ,2026-03-31
WAKEFIT, EQ,2026-03-31
WALCHANNAG, EQ,2026-03-31
WCIL, EQ,2026-03-31
WEALTH, EQ,2026-03-31
WEBELSOLAR, EQ,2026-03-31
WEIZMANIND, EQ,2026-03-31
WEL, EQ,2026-03-31
WELCORP, EQ,2026-03-31
WELENT, EQ,2026-03-31
WELINV, EQ,2026-03-31
WELSPUNLIV, EQ,2026-03-31
WENDT, EQ,2026-03-31
WESTLIFE, EQ,2026-03-31
WEWIN, EQ,2026-03-31
WEWORK, EQ,2026-03-31
WHEELS, EQ,2026-03-31
WHIRLPOOL, EQ,2026-03-31
WILLAMAGOR, EQ,2026-03-31
WINDLAS, EQ,2026-03-31
WINDMACHIN, EQ,2026-03-31
WIPL, EQ,2026-03-31
WIPRO, EQ,2026-03-31
WOCKPHARMA, EQ,2026-03-31
WONDERLA, EQ,2026-03-31
WORTHPERI, EQ,2026-03-31
WSI, EQ,2026-03-31
WSTCSTPAPR, EQ,2026-03-31
XCHANGING, EQ,2026-03-31
XELPMOC, EQ,2026-03-31
XPROINDIA, EQ,2026-03-31
XTGLOBAL, EQ,2026-03-31
YASHO, EQ,2026-03-31
YATHARTH, EQ,2026-03-31
YATRA, EQ,2026-03-31
YESBANK, EQ,2026-03-31
YUKEN, EQ,2026-03-31
ZAGGLE, EQ,2026-03-31
ZEEL, EQ,2026-03-31
ZEELEARN, EQ,2026-03-31
ZENITHEXPO, EQ,2026-03-31
ZENITHSTL, EQ,2026-03-31
ZENSARTECH, EQ,2026-03-31
ZENTEC, EQ,2026-03-31
ZFCVINDIA, EQ,2026-03-31
ZIMLAB, EQ,2026-03-31
ZODIAC, EQ,2026-03-31
ZODIACLOTH, EQ,2026-03-31
ZOTA, EQ,2026-03-31
ZUARI, EQ,2026-03-31
ZUARIIND, EQ,2026-03-31
ZYDUSLIFE, EQ,2026-03-31
ZYDUSWELL, EQ,2026-03-31
